message_id,elapsed_time,user_type,private_thread_owner_id,guest_id,user_id,username,original_text,reply_to_message_id,reply_to_message_text,reply_to_message_username,inserted_at,status,live_stream_status
ccca5ecb-2237-4f37-b132-024bdfb8be71,2761.8400000686647,viewer,0,5c36eab9-aefc-4ed2-8193-fc89fb9e5392,,ãƒ‘ãƒ‘å›,ğŸ‰,,,,2026-01-14 11:46:10.000Z,approved,live
71c891ca-30fd-4981-8513-2dfb23641d8a,2758.3120001144407,viewer,0,5c36eab9-aefc-4ed2-8193-fc89fb9e5392,,ãƒ‘ãƒ‘å›,ğŸ‰,,,,2026-01-14 11:46:07.000Z,approved,live
ce94820b-8e42-4fb2-be39-e450dd735665,2761.8119999752043,viewer,0,aa1fa763-69ab-40cd-999f-510838056be8,,Guest74598,ã‚ã‚ŠãŒã¨ã†ã”ã–ã„ã¾ã—ãŸã€‚ã‚ã‹ã‚Šã‚„ã™ã‹ã£ãŸã§ã™,,,,2026-01-14 11:46:03.000Z,approved,live
464f48ae-1813-4677-9977-b08add1d1271,2758.8730000743867,viewer,0,b9da652d-7554-4497-928c-cdc5b2185234,,ã®ã‚Š,ğŸ‘‹,,,,2026-01-14 11:45:58.000Z,approved,live
5b964143-b230-46d1-8ab6-13e9c1347b7e,2755.6559999427795,viewer,0,b81ee411-dfd5-417d-96e6-7af330deab04,,ãŸã„ç„¼ãã‚¢ãƒ¡,ã°ã„ã°ã„,,,,2026-01-14 11:45:54.000Z,approved,live
2f58fd7a-9418-4c3c-8eb6-552b99c1a63a,2737.0540000591277,viewer,0,bad7a40b-3fd7-470c-8645-e66dbd64ed09,,MTGæ‹…å½“è€…ğŸ¦„ğŸŒŸâœ¨,ã‚ã‚ŠãŒã¨ã†ã”ã–ã„ã¾ã—ãŸï¼ï¼,,,,2026-01-14 11:45:39.000Z,approved,live
30d76200-b8bf-4c36-a04f-f3e7d33ec574,2718.252000003815,viewer,0,bad7a40b-3fd7-470c-8645-e66dbd64ed09,,MTGæ‹…å½“è€…ğŸ¦„ğŸŒŸâœ¨,çš†æ§˜ã«æ„›ã•ã‚Œã‚‹ãƒ–ãƒ©ãƒ³ãƒ‰ã‚’ç›®æŒ‡ã—ã¦ã¾ã„ã‚Šã¾ã™ï¼,,,,2026-01-14 11:45:21.000Z,approved,live
64506d01-e1ca-4f1a-896c-268d4660b595,2723.447000120163,viewer,0,0c8a6f0d-3773-4e90-8aab-af327bd8caf1,,ã¦ã‚‹ã‚Šã‚“ã‚Šã‚“,ã•ã£ããƒ¼ã²ã‹ã‚‹ã‚“ï¼ï¼,,,,2026-01-14 11:45:07.000Z,approved,live
ed915b30-c056-4cae-bd95-921f8e23b038,2693.866999950409,viewer,0,bad7a40b-3fd7-470c-8645-e66dbd64ed09,,MTGæ‹…å½“è€…ğŸ¦„ğŸŒŸâœ¨,æ²¢å±±ã®ã‚³ãƒ¡ãƒ³ãƒˆã‚ã‚ŠãŒã¨ã†ã”ã–ã„ã¾ã—ãŸï¼ï¼ï¼ï¼ï¼ï¼ğŸŒŸ,,,,2026-01-14 11:44:56.000Z,approved,live
f00aa66c-1c1d-428d-9817-ab19a35839a1,2654.1739999637603,viewer,0,bad7a40b-3fd7-470c-8645-e66dbd64ed09,,MTGæ‹…å½“è€…ğŸ¦„ğŸŒŸâœ¨,BXã«ã¯ãƒãƒ¼ãƒãŒã”ã–ã„ã¾ã›ã‚“ã€‚ã€‚,,,,2026-01-14 11:44:17.000Z,approved,live
10e569ee-9c06-4379-a8be-3511545b25e9,2643.5790000305174,viewer,0,17ecdc93-32da-44d4-9a17-7b7e2deb5a5c,,â­ï¸MTGæ‹…å½“è€…â­ï¸,BXã«ã¯æŒã¡é‹ã³è¢‹ã¯ã”ã–ã„ã¾ã›ã‚“ã€‚SEã®ã¿ã¨ãªã‚Šã¾ã™ï¼,,,,2026-01-14 11:44:02.000Z,approved,live
16bb406c-302a-4a4c-b278-548ea1845cd1,2625.94600006485,viewer,0,bad7a40b-3fd7-470c-8645-e66dbd64ed09,,MTGæ‹…å½“è€…ğŸ¦„ğŸŒŸâœ¨,My ReFaã«åŠ å…¥ã„ãŸã ãã¨ãƒ¡ãƒ¼ã‚«ãƒ¼å»¶é•·ä¿è¨¼ãŒã”ã–ã„ã¾ã™ï¼,,,,2026-01-14 11:43:48.000Z,approved,live
ce1dec16-b24e-4d7a-9266-1c585ca2d691,2609.680999990463,viewer,0,aa1fa763-69ab-40cd-999f-510838056be8,,Guest74598,BXæ¬²ã—ã„ã‘ã©ã¡ã‚‡ã£ã¨ãŠé«˜ã„ãªãã€‚ã€‚,,,,2026-01-14 11:43:31.000Z,approved,live
33ab50a2-b937-408c-bc16-bbf99a4d15dc,2600.212,viewer,0,4cf55e7a-bef0-41c6-ac5f-22e331679f3c,,ã‚¿ã‚±ã•ã‚“,BXã®æŒã¡é‹ã³ç”¨è¢‹ã‚ã‚Šã¾ã™ã‹ï¼Ÿ,,,,2026-01-14 11:43:27.000Z,approved,live
40726842-3196-4f45-9966-47e2cf77fe3a,2606.5180000171663,viewer,0,5cf9125e-d6c4-4664-b0c2-cfc2fdfabb07,,J,BXå›ã«æ±ºã‚ãŸï¼ï¼,,,,2026-01-14 11:43:26.000Z,approved,live
8377da77-a23a-4129-948d-4925be2157a1,2591.1409999752045,viewer,0,b81ee411-dfd5-417d-96e6-7af330deab04,,ãŸã„ç„¼ãã‚¢ãƒ¡,æ¬²ã—ã„ãƒ¼,,,,2026-01-14 11:43:10.000Z,approved,live
e1a20f3e-4d9b-4746-a905-927cd2147523,2558.737000125885,viewer,0,4cf55e7a-bef0-41c6-ac5f-22e331679f3c,,ã‚¿ã‚±ã•ã‚“,å»¶é•·ä¿è¨¼ã‚ã‚Šã¾ã™ã‹ï¼Ÿ,,,,2026-01-14 11:42:46.000Z,approved,live
3de18e94-adde-4fc4-a749-d2662c571c0c,2518.29500015831,viewer,0,0c8a6f0d-3773-4e90-8aab-af327bd8caf1,,ã¦ã‚‹ã‚Šã‚“ã‚Šã‚“,â¤ï¸,,,,2026-01-14 11:41:41.000Z,approved,live
09b9c5ac-3486-400a-bdd5-20bb50a71b8a,2495.240000102997,viewer,0,bad7a40b-3fd7-470c-8645-e66dbd64ed09,,MTGæ‹…å½“è€…ğŸ¦„ğŸŒŸâœ¨,é›†åˆï¼ï¼ï¼ï¼,,,,2026-01-14 11:41:38.000Z,approved,live
2d9304f2-5170-4cd1-abfd-7ea386e33de2,2473.961000097275,viewer,0,bad7a40b-3fd7-470c-8645-e66dbd64ed09,,MTGæ‹…å½“è€…ğŸ¦„ğŸŒŸâœ¨,ã¡ãªã¿ã«ç§ã¯BXãŒãŠæ°—ã«å…¥ã‚Šã§ã™ğŸŒŸç¬‘,,,,2026-01-14 11:41:16.000Z,approved,live
acfc454d-7bed-4ddb-a2b9-af7464c48028,2440.0910000782014,viewer,0,5c36eab9-aefc-4ed2-8193-fc89fb9e5392,,ãƒ‘ãƒ‘å›,ğŸ‘‹,,,,2026-01-14 11:40:48.000Z,approved,live
40ca04a4-0b1a-4674-9331-78d05d5ef4af,2417.801000032425,viewer,0,0c8a6f0d-3773-4e90-8aab-af327bd8caf1,,ã¦ã‚‹ã‚Šã‚“ã‚Šã‚“,ä»Šã¾ã§ã®ä¸­ã§ã•ã£ããƒ¼ã®ãŠã™ã™ã‚ã©ã‚Œã§ã™ã‹ãƒ»ãƒ»ãƒ»ï¼Ÿ,,,,2026-01-14 11:40:01.000Z,approved,live
2766b8-2a61-533-80e1-d27a60ae8b27,2420.848325,moderator,0,,565303961,ãƒ¤ãƒãƒ€ãƒ‡ãƒ³ã‚­ã‚¹ã‚¿ãƒƒãƒ•,"
å•†å“ãŒæ°—ã«ãªã£ãŸæ–¹ã¯ã„ã¾ã™ãã‚¢ã‚¤ã‚³ãƒ³ã‚’ã‚¿ãƒƒãƒ—ğŸ‘‰ğŸ‘‰
",,,,2026-01-14 11:40:00.000Z,approved,live
b1214387-6a43-432f-8ce9-f0b6089184f1,2317.666000125885,viewer,0,b9da652d-7554-4497-928c-cdc5b2185234,,ã®ã‚Š,ãŠæ‰‹å…¥ã‚Œç°¡å˜ãªã®è‰¯ã,,,,2026-01-14 11:38:39.000Z,approved,live
ecbbb261-455b-4747-8cb0-43ed18836a65,2310.9570001277925,viewer,0,bad7a40b-3fd7-470c-8645-e66dbd64ed09,,MTGæ‹…å½“è€…ğŸ¦„ğŸŒŸâœ¨,ä¿è¨¼ã¯1å¹´ã§ã”ã–ã„ã¾ã™ï¼,,,,2026-01-14 11:38:33.000Z,approved,live
a7aea17d-8917-4653-943a-42dad1bbe3e0,2292.758999944687,viewer,0,329bc0e4-e1ff-4308-86ea-29745db5a890,,Guest52273,ã“ã¡ã‚‰ã‚‚ãƒ–ãƒ©ãƒƒã‚¯ã¯ãƒãƒƒãƒˆã§ã™ã‹ï¼Ÿ,,,,2026-01-14 11:38:11.000Z,approved,live
6cc09a95-94f1-42a3-93b4-6ad072ab7c5e,2284.8220000076294,viewer,0,bad7a40b-3fd7-470c-8645-e66dbd64ed09,,MTGæ‹…å½“è€…ğŸ¦„ğŸŒŸâœ¨,ãŠæ‰‹å…¥ã‚Œã‚‚ç°¡å˜ãªä»•æ§˜ã§ã”ã–ã„ã¾ã™ï¼,,,,2026-01-14 11:38:07.000Z,approved,live
2cf2844c-18ff-440c-b781-324cfa4d9221,2280.903000154495,viewer,0,b81ee411-dfd5-417d-96e6-7af330deab04,,ãŸã„ç„¼ãã‚¢ãƒ¡,ğŸ‘,,,,2026-01-14 11:38:00.000Z,approved,live
6eec3c-f11d-ea5-85c-6dffb6a8bfe,2299.036,moderator,0,,565303961,ãƒ¤ãƒãƒ€ãƒ‡ãƒ³ã‚­ã‚¹ã‚¿ãƒƒãƒ•,æœ¬æ—¥ã¯ãƒ¡ãƒ¼ã‚«ãƒ¼ã®ã”æ‹…å½“è€…æ§˜ã‚‚ã‚³ãƒ¡ãƒ³ãƒˆã«ã¦ã”å‚åŠ ã„ãŸã ã„ã¦ã„ã¾ã™ã€‚æ°—ã«ãªã‚‹ã“ã¨ãŒã‚ã‚Œã°ã‚³ãƒ¡ãƒ³ãƒˆã§è³ªå•ã‚’ãŠé€ã‚Šãã ã•ã„ã€‚,,,,2026-01-14 11:37:58.000Z,approved,live
0bf5f8cd-dc65-4adb-8593-273a5cce3b80,2292.5730000743865,viewer,0,23071ac7-98c3-4f82-9f00-8b4c5de1b018,,Guest27799,ä¿è¨¼ã¯ã©ã†ãªã£ã¦ã¾ã™ã‹ï¼Ÿ,,,,2026-01-14 11:37:53.000Z,approved,live
456529c2-e189-4e25-abe3-7337445915c6,2265.210000034332,viewer,0,bad7a40b-3fd7-470c-8645-e66dbd64ed09,,MTGæ‹…å½“è€…ğŸ¦„ğŸŒŸâœ¨,æ—…è¡Œã«ã‚‚ãŠã™ã™ã‚ã§ã™ğŸŒŸ,,,,2026-01-14 11:37:47.000Z,approved,live
ea0c60a5-3762-491e-9045-643d79bc92d5,2256.9369999961855,viewer,0,aa1fa763-69ab-40cd-999f-510838056be8,,Guest74598,ã“ã¡ã‚‰ã®ãŠæ‰‹å…¥ã‚Œæ–¹æ³•æ•™ãˆã¦ãã ã•ã„,,,,2026-01-14 11:37:41.000Z,approved,live
9bb97993-add7-43fb-83ad-81a0d797388d,2266.539000169754,viewer,0,bc9ff918-9d63-4443-8c57-7e2b0d8a0b90,,pizza,ğŸ‘,,,,2026-01-14 11:37:31.000Z,approved,live
8d2e87-3376-4bed-762-a650667a88d,2250.426527,moderator,0,,565303961,ãƒ¤ãƒãƒ€ãƒ‡ãƒ³ã‚­ã‚¹ã‚¿ãƒƒãƒ•,é¢¨é‡ãŒã™ã”ã„ã¨æ€ã£ãŸã‚‰ğŸ‘ã‚’é€ã£ã¦ãã ã•ã„ã­ï¼,,,,2026-01-14 11:37:09.000Z,approved,live
9db32f37-db65-4f63-83a9-a7d3009058c1,2199.9769999580385,viewer,0,aa1fa763-69ab-40cd-999f-510838056be8,,Guest74598,ãŠå€¤æ®µã‚‚ã•ã£ãã®ã‚ˆã‚ŠãŠæ±‚ã‚ã‚„ã™ãã¦ã„ã„ãªãã€‚æ‚©ã‚€ã€œ,,,,2026-01-14 11:36:44.000Z,approved,live
0d5f1f4f-51dc-41bc-a8af-88a7c3de0192,2205.9670000514984,viewer,0,0c8a6f0d-3773-4e90-8aab-af327bd8caf1,,ã¦ã‚‹ã‚Šã‚“ã‚Šã‚“,æ—…è¡Œè¡Œãã‹ã‚‰è²·ã„ãŸã„ã§ã™ï¼ï¼ï¼ï¼,,,,2026-01-14 11:36:29.000Z,approved,live
3b7c485a-ed96-49fd-ac54-c192deec8938,2184.7359999580385,viewer,0,bad7a40b-3fd7-470c-8645-e66dbd64ed09,,MTGæ‹…å½“è€…ğŸ¦„ğŸŒŸâœ¨,ç´°éƒ¨ã¾ã§ã“ã ã‚ã£ã¦ãŠã‚Šã¾ã™ğŸ¶,,,,2026-01-14 11:36:27.000Z,approved,live
3b462cb7-bc6e-40be-a294-6a81b8f92c1b,2183.106000125885,viewer,0,17ecdc93-32da-44d4-9a17-7b7e2deb5a5c,,â­ï¸MTGæ‹…å½“è€…â­ï¸,è‰²ã¯ç™½ã€é»’ã€ãƒ”ãƒ³ã‚¯ã®3è‰²ã¨ãªã‚Šã¾ã™ï¼,,,,2026-01-14 11:36:22.000Z,approved,live
9035c276-5348-4442-ae51-8817b7d8ec06,2202.7270001506804,viewer,0,23071ac7-98c3-4f82-9f00-8b4c5de1b018,,Guest27799,å…ˆã«é ­çš®ã‚’ä¹¾ã‹ã™ã‚“ã§ã™ã­,,,,2026-01-14 11:36:21.000Z,approved,live
48ee0ab3-a196-40fd-9c13-67a3ccfd4dc7,2182.1959999389646,viewer,0,e6ac9597-ec16-4884-9cca-516874fa1406,,Guest59035,è‰²ã¯ã“ã¡ã‚‰ã®ã¿ã§ã™ã‹?,,,,2026-01-14 11:36:03.000Z,approved,live
18525b40-499b-45a7-a9f6-51d8477f1a20,2148.975000175476,viewer,0,bad7a40b-3fd7-470c-8645-e66dbd64ed09,,MTGæ‹…å½“è€…ğŸ¦„ğŸŒŸâœ¨,ã•ã£ããƒ¼ã€ç·Šå¼µã—ã¦ãŠã‚Šã¾ã™ï¼,,,,2026-01-14 11:35:51.000Z,approved,live
32085a4b-0229-45d8-a4a3-18623033409d,2152.081000146866,viewer,0,5cf9125e-d6c4-4664-b0c2-cfc2fdfabb07,,J,æ¨ªã®ReFaãƒ­ã‚´ã‚‚ã‹ã‚ãˆãˆãª,,,,2026-01-14 11:35:51.000Z,approved,live
d2ac-e774-a1-ef38-178e73af00,2150.68931,moderator,0,,565303961,ãƒ¤ãƒãƒ€ãƒ‡ãƒ³ã‚­ã‚¹ã‚¿ãƒƒãƒ•,"
å•†å“ã®ãŠå€¤æ®µãŒæ°—ã«ãªã£ãŸæ–¹ã¯ã„ã¾ã™ãã‚¢ã‚¤ã‚³ãƒ³ã‚’ã‚¿ãƒƒãƒ—ğŸ‘‰ğŸ‘‰
",,,,2026-01-14 11:35:30.000Z,approved,live
fed599fc-c5ce-41f5-8614-9ee2802cd2f5,2127.611999938965,viewer,0,bad7a40b-3fd7-470c-8645-e66dbd64ed09,,MTGæ‹…å½“è€…ğŸ¦„ğŸŒŸâœ¨,"S+ã¯ç¨è¾¼ã¿39,600å††ã§ã”ã–ã„ã¾ã™ï¼",,,,2026-01-14 11:35:30.000Z,approved,live
0436252c-93e7-4b8a-a1a6-1690526dbb29,2114.733000102997,viewer,0,6f1bfe05-4b02-4791-bf02-eb695857dd15,,ã‚¢ãƒ³,å¤§ãã„ã­,,,,2026-01-14 11:35:25.000Z,approved,live
b0e04ed5-327a-4a1e-9979-90248cebf388,2110.100999944687,viewer,0,b81ee411-dfd5-417d-96e6-7af330deab04,,ãŸã„ç„¼ãã‚¢ãƒ¡,ã¯ã„ï¼,,,,2026-01-14 11:35:09.000Z,approved,live
43bd8fb9-b94e-402a-bad1-1f5ee4fa7b84,2112.723000055313,viewer,0,de8bb4b6-4124-4108-9268-096faa31af92,,Guest7935,ğŸ‘,,,,2026-01-14 11:34:58.000Z,approved,live
98118d2b-f80a-4f23-ba5c-9bff4b3a2f1f,2089.010000108719,viewer,0,164dd000-b35f-4d1d-897e-68154c6c8f53,,Guest28480,å€¤æ®µæ—©ãæ•™ãˆã¦ã€œï¼,,,,2026-01-14 11:34:57.000Z,approved,live
83cf089b-3526-427b-baa9-3d8dcaf9493c,2071.2329999427793,viewer,0,bad7a40b-3fd7-470c-8645-e66dbd64ed09,,MTGæ‹…å½“è€…ğŸ¦„ğŸŒŸâœ¨,ãƒ›ãƒ«ãƒ€ãƒ¼ã‚‚ã‹ã£ã“ã„ã„ã§ã™ã‚ˆã­ğŸŒŸ,,,,2026-01-14 11:34:34.000Z,approved,live
afe84d-a0c0-5ec0-e63-80cbe8707c41,2090.939237,moderator,0,,565303961,ãƒ¤ãƒãƒ€ãƒ‡ãƒ³ã‚­ã‚¹ã‚¿ãƒƒãƒ•,"
å•†å“ãŒæ°—ã«ãªã£ãŸæ–¹ã¯ã„ã¾ã™ãã‚¢ã‚¤ã‚³ãƒ³ã‚’ã‚¿ãƒƒãƒ—ğŸ‘‰ğŸ‘‰
",,,,2026-01-14 11:34:30.000Z,approved,live
afbee6a7-0f2f-435b-9a20-4ae52acc6d33,2074.850000141144,viewer,0,0c8a6f0d-3773-4e90-8aab-af327bd8caf1,,ã¦ã‚‹ã‚Šã‚“ã‚Šã‚“,ã™ã”ã„ã‚¹ã‚¿ã‚¤ãƒªãƒƒã‚·ãƒ¥ã§ã™ã‚ˆã­ï¼å‹é”æŒã£ã¦ã¦ä½¿ã‚ã›ã¦ã‚‚ã‚‰ã„ã¾ã—ãŸï¼,,,,2026-01-14 11:34:18.000Z,approved,live
ae72da33-93e3-4374-8128-ef9fbd604e86,2045.398000120163,viewer,0,5c36eab9-aefc-4ed2-8193-fc89fb9e5392,,ãƒ‘ãƒ‘å›,ã•ãã´ã‚‡ã‚“è‰¯ã„ã,,,,2026-01-14 11:34:14.000Z,approved,live
e1da0bf8-8ee0-4ad6-9fc3-553cd18c9cdc,2046.8210000209808,viewer,0,bad7a40b-3fd7-470c-8645-e66dbd64ed09,,MTGæ‹…å½“è€…ğŸ¦„ğŸŒŸâœ¨,ã¯åˆ¥å£²ã‚Šã§ã”ã–ã„ã¾ã™ï¼,,,,2026-01-14 11:34:09.000Z,approved,live
c36fe08d-0ee6-4aa4-ad9c-cba9d43d33fe,2040.7900000686645,viewer,0,bad7a40b-3fd7-470c-8645-e66dbd64ed09,,MTGæ‹…å½“è€…ğŸ¦„ğŸŒŸâœ¨,ã‚¹ã‚¿ãƒ³ãƒ‰ï¼ˆãƒ›ãƒ«ãƒ€ãƒ¼ï¼‰,,,,2026-01-14 11:34:03.000Z,approved,live
f8cdf9a6-febf-4d9c-8cb5-3b5042119cd0,2056.2720000514983,viewer,0,1a987799-ba04-45b5-bd56-eec021c543ab,,ã‹ã¨ã‚Šã‹,æŠ˜ã‚Šæ–¹ã‚‚ã‹ã£ã“ã„ã„ï¼ï¼,,,,2026-01-14 11:33:58.000Z,approved,live
59892a69-9bb8-4ba9-b7a6-c76f45b2d4b6,2034.1570000839233,viewer,0,b81ee411-dfd5-417d-96e6-7af330deab04,,ãŸã„ç„¼ãã‚¢ãƒ¡,ãã®ã‚¹ã‚¿ãƒ³ãƒ‰ã£ã¦ä»˜å±å“ã§ã™ã‹ï¼Ÿ,,,,2026-01-14 11:33:53.000Z,approved,live
4e0c4154-9977-4142-8828-b088c20b9945,2025.7730001296998,viewer,0,bad7a40b-3fd7-470c-8645-e66dbd64ed09,,MTGæ‹…å½“è€…ğŸ¦„ğŸŒŸâœ¨,ã‹ã£ã“ã„ã„ãƒ¢ãƒ‡ãƒ«ã¨ãªã£ã¦ãŠã‚Šã¾ã™ğŸŒŸ,,,,2026-01-14 11:33:48.000Z,approved,live
42a75879-e6e3-45a8-b535-46666ccd78b0,2021.2209999465942,viewer,0,0c8a6f0d-3773-4e90-8aab-af327bd8caf1,,ã¦ã‚‹ã‚Šã‚“ã‚Šã‚“,ã•ã£ããƒ¼ã‹ã‚ã„ã„ğŸ’›,,,,2026-01-14 11:33:24.000Z,approved,live
8ca43329-e101-4d10-970a-8d498625c848,1993.4819999504089,viewer,0,5c36eab9-aefc-4ed2-8193-fc89fb9e5392,,ãƒ‘ãƒ‘å›,ğŸ‘,,,,2026-01-14 11:33:22.000Z,approved,live
50cef2b0-87b8-4a22-a474-cdbc82870dcb,1992.0150000267029,viewer,0,e6bc96ca-1eda-4336-b62c-e8d269e39531,,Guest46680,ã•ã£ããƒ¼ãƒ¼ãƒ¼ãƒ¼ãƒ¼ğŸ«¶,,,,2026-01-14 11:33:09.000Z,approved,live
2d13da6b-ea1a-4819-ad62-f9f22bfbec36,2001.8670000782013,viewer,0,0c8a6f0d-3773-4e90-8aab-af327bd8caf1,,ã¦ã‚‹ã‚Šã‚“ã‚Šã‚“,â¤ï¸,,,,2026-01-14 11:33:05.000Z,approved,live
02b1fa79-2d48-4f51-a75a-64c567970f24,1976.2290001525878,viewer,0,b81ee411-dfd5-417d-96e6-7af330deab04,,ãŸã„ç„¼ãã‚¢ãƒ¡,ğŸ‘,,,,2026-01-14 11:32:55.000Z,approved,live
fb94113b-2d26-46a5-af54-9e32667e1461,1974.2449999465941,viewer,0,b81ee411-dfd5-417d-96e6-7af330deab04,,ãŸã„ç„¼ãã‚¢ãƒ¡,ğŸ‘,,,,2026-01-14 11:32:53.000Z,approved,live
0aa442be-5abe-489a-b8ce-93c7da821d1b,1969.9580001296997,viewer,0,b9da652d-7554-4497-928c-cdc5b2185234,,ã®ã‚Š,ğŸ‘‹,,,,2026-01-14 11:32:52.000Z,approved,live
03c655c0-e4dc-4e7a-b6b7-a0a265908ceb,1968.672000169754,viewer,0,a84b99b8-a097-4633-a331-654461259ed3,,ã“ã†ã™ã‘,ğŸ‘,,,,2026-01-14 11:32:44.000Z,approved,live
b4e56c6b-72b0-4e68-aaeb-ec087c2dd752,1962.4830001430512,viewer,0,eaf59fbd-c3d8-4f00-8d09-4a07b492a83a,,ã‚‚ã‚‚ã‹,ä»Šç´¹ä»‹ã®å“ã®è©³ç´°ãŒçŸ¥ã‚ŠãŸã‹ã£ãŸã®ã§ã€æœ‰é›£ã†ã”ã–ã„ã¾ã—ãŸ,,,,2026-01-14 11:32:39.000Z,approved,live
527c9a36-889e-4663-9e9e-8a23dfdbfd9b,1955.996999994278,viewer,0,bad7a40b-3fd7-470c-8645-e66dbd64ed09,,MTGæ‹…å½“è€…ğŸ¦„ğŸŒŸâœ¨,ã•ã£ããƒ¼ï¼ï¼ï¼,,,,2026-01-14 11:32:38.000Z,approved,live
7cc45bee-5c9d-4a26-a2d7-209f9119eba5,1966.3860001373291,viewer,0,0c8a6f0d-3773-4e90-8aab-af327bd8caf1,,ã¦ã‚‹ã‚Šã‚“ã‚Šã‚“,ã•ã£ããƒ¼ï¼ï¼ï¼ï¼ï¼,,,,2026-01-14 11:32:30.000Z,approved,live
4635542-3dd7-2fe-4c-a3ed7867cfd3,1965.830403,moderator,0,,565303961,ãƒ¤ãƒãƒ€ãƒ‡ãƒ³ã‚­ã‚¹ã‚¿ãƒƒãƒ•,"MTGã®ã•ã£ããƒ¼ã§ã™ï¼ã‚³ãƒ¡ãƒ³ãƒˆæ¬„ã«ğŸ‘ã‚’æŠ¼ã—ã¦ãŠè¿ãˆãã ã•ã„ï¼
",,,,2026-01-14 11:32:25.000Z,approved,live
c3a22371-5530-4cac-9a6a-043076c1e857,1942.0550000190735,viewer,0,bad7a40b-3fd7-470c-8645-e66dbd64ed09,,MTGæ‹…å½“è€…ğŸ¦„ğŸŒŸâœ¨,æ²¢å±±ã®ã‚³ãƒ¡ãƒ³ãƒˆã‚ã‚ŠãŒã¨ã†ã”ã–ã„ã¾ã™ğŸŒŸğŸŒŸ,,,,2026-01-14 11:32:24.000Z,approved,live
0e35c93c-09df-4c0f-9d01-dd3ab9c67c74,1943.998000169754,viewer,0,e6bc96ca-1eda-4336-b62c-e8d269e39531,,Guest46680,ã²ã‹ã‚‹ã‚“ã‚ã‚ŠãŒã¨ã­,,,,2026-01-14 11:32:21.000Z,approved,live
62cb83d2-2fbd-45b2-bd5f-c875698c3a80,1930.478000017166,viewer,0,329bc0e4-e1ff-4308-86ea-29745db5a890,,Guest52273,ä»˜å±å“ä½•ãŒã¤ã„ã¦ã‚‹ã‹æ•™ãˆã¦ãã ã•ã„ã€å…ˆç«¯ã«ã¤ã‘ã‚‹ã‚„ã¤ã¯ã‚ã‚Šã¾ã™ã‹ï¼Ÿ,,,,2026-01-14 11:32:09.000Z,approved,live
4c39c0e3-45df-4b08-971b-57e2fe086a89,1904.0819999790192,viewer,0,bad7a40b-3fd7-470c-8645-e66dbd64ed09,,MTGæ‹…å½“è€…ğŸ¦„ğŸŒŸâœ¨,1.7mã§ã”ã–ã„ã¾ã™ï¼,,,,2026-01-14 11:31:46.000Z,approved,live
116b9ad3-4af6-449e-8301-fe4611a126c1,1921.7739999961852,viewer,0,bad7433c-36b1-4ed7-85c1-b21d6df273eb,,Guest16844,æŠ˜ã‚ŠãŸãŸã‚ãªã„ãƒ¢ãƒ‡ãƒ«æœ€é«˜ã‚„ã‚“,,,,2026-01-14 11:31:41.000Z,approved,live
43bc7e11-6f39-4031-9971-c3e94bb4d3a4,1881.3240001449585,viewer,0,2c6c03c9-795c-40c8-a168-81382c5f504a,,ã‚‚ã‚‹ã¡,è»½ãã¦ã„ã„ã§ã™ã­,,,,2026-01-14 11:31:22.000Z,approved,live
922d7d60-5420-4503-8d33-110f58d00d21,1885.7710000534057,viewer,0,17ecdc93-32da-44d4-9a17-7b7e2deb5a5c,,â­ï¸MTGæ‹…å½“è€…â­ï¸,SEã¯æŠ˜ã‚ŠãŸãŸã‚ãªã„ãƒ¢ãƒ‡ãƒ«ã¨ãªã‚Šã¾ã™ï¼,,,,2026-01-14 11:31:20.000Z,approved,live
b6d100fb-0b1d-4b2a-a3e4-4b574f7fcc21,1878.5530001506806,viewer,0,b81ee411-dfd5-417d-96e6-7af330deab04,,ãŸã„ç„¼ãã‚¢ãƒ¡,ç·šã¯ã€é•·ã„ï¼Ÿ,,,,2026-01-14 11:31:17.000Z,approved,live
344ba2e6-5e20-49fd-b609-77228cc951fe,1874.368000043869,viewer,0,2c6c03c9-795c-40c8-a168-81382c5f504a,,ã‚‚ã‚‹ã¡,è»½ã„,,,,2026-01-14 11:31:15.000Z,approved,live
d5bc9ad1-fd20-4dbd-b6ed-814e419c6fc9,1872.3830001220704,viewer,0,bad7a40b-3fd7-470c-8645-e66dbd64ed09,,MTGæ‹…å½“è€…ğŸ¦„ğŸŒŸâœ¨,BXã¯å…ˆç«¯ä»˜å±ãŒã‚ã‚Šã€SEã«ã¯ã”ã–ã„ã¾ã›ã‚“ï¼,,,,2026-01-14 11:31:15.000Z,approved,live
58216bde-b548-401d-8b2e-86584b7b2f2f,1847.1640001335145,viewer,0,5cf9125e-d6c4-4664-b0c2-cfc2fdfabb07,,J,æŒã£ã¦ã¦é‡ã„ã§ã™ã‹ï¼Ÿ,,,,2026-01-14 11:30:47.000Z,approved,live
56ef9da6-fc87-4a43-a6fc-4fbbaf5c4df3,1865.9760001411437,viewer,0,bad7433c-36b1-4ed7-85c1-b21d6df273eb,,Guest16844,SEã¯æŠ˜ã‚ŠãŸãŸã‚ãªã„ï¼Ÿ,,,,2026-01-14 11:30:45.000Z,approved,live
dc1020cd-2a24-47ad-add9-e436ef65ad3f,1819.6790001125335,viewer,0,bad7a40b-3fd7-470c-8645-e66dbd64ed09,,MTGæ‹…å½“è€…ğŸ¦„ğŸŒŸâœ¨,BXã¯740gã§ã”ã–ã„ã¾ã™ï¼ãƒ¯ãƒƒãƒˆæ•°ã¯1200ã§ã™ï¼,,,,2026-01-14 11:30:22.000Z,approved,live
a5f0db3-54aa-ac1f-12b-5e251e6214bf,1828.261488,moderator,0,,565303961,ãƒ¤ãƒãƒ€ãƒ‡ãƒ³ã‚­ã‚¹ã‚¿ãƒƒãƒ•,"
å•†å“ãŒæ°—ã«ãªã£ãŸæ–¹ã¯ã„ã¾ã™ãã‚¢ã‚¤ã‚³ãƒ³ã‚’ã‚¿ãƒƒãƒ—ğŸ‘‰ğŸ‘‰
",,,,2026-01-14 11:30:07.000Z,approved,live
1b617bae-1b57-4f5f-b0dc-333215196b9c,1803.8769999790193,viewer,0,329bc0e4-e1ff-4308-86ea-29745db5a890,,Guest52273,ã•ã£ãã®SEã‚‚BXå…±ã«å…ˆç«¯ã«ã¤ã‘ã‚‹ä»˜å±å“ã¯ã‚ã‚Šã¾ã™ã‹ï¼Ÿ,,,,2026-01-14 11:30:02.000Z,approved,live
accfac71-3b43-48f1-96ab-ee040ae932a3,1803.4420000724792,viewer,0,98613cae-5360-4956-aae6-c95a7a6ff48c,,Guest73188,ã»ã—ã„,,,,2026-01-14 11:29:48.000Z,approved,live
34ce5f53-3efd-4680-ab9a-ce5b3a5d3a5a,1790.985000164032,viewer,0,eaf59fbd-c3d8-4f00-8d09-4a07b492a83a,,ã‚‚ã‚‚ã‹,ä»Šè¦‹ã«ããŸã¨ã“ã‚ã§ã™ã€‚ãƒ¯ãƒƒãƒˆæ•°ã¨é‡ã•ã‚’æ•™ãˆã¦ãã ã•ã„,,,,2026-01-14 11:29:47.000Z,approved,live
81fb4ca6-c0d7-433c-8ee7-d17906f7083c,1783.8409999904632,viewer,0,bad7a40b-3fd7-470c-8645-e66dbd64ed09,,MTGæ‹…å½“è€…ğŸ¦„ğŸŒŸâœ¨,ã‚µãƒ³ã‚¿ã•ã‚“ï¼æ¥ã¦ãã‚Œã¾ã™ã‚ˆã†ã«ï¼ğŸ…,,,,2026-01-14 11:29:46.000Z,approved,live
fc247efa-79cd-40e2-9de7-06dbd31cad79,1790.6350000019074,viewer,0,0c8a6f0d-3773-4e90-8aab-af327bd8caf1,,ã¦ã‚‹ã‚Šã‚“ã‚Šã‚“,ã‚µãƒ³ã‚¿ã•ã‚“ã«é ¼ã¿ã¾ã™ï¼,,,,2026-01-14 11:29:34.000Z,approved,live
10becce3-eb67-4a96-bcfd-cfe78b3d9b07,1768.3239999523162,viewer,0,17ecdc93-32da-44d4-9a17-7b7e2deb5a5c,,â­ï¸MTGæ‹…å½“è€…â­ï¸,ã‚¯ãƒ¼ãƒãƒ³ã¯ã”ã–ã„ã¾ã›ã‚“ï¼,,,,2026-01-14 11:29:22.000Z,approved,live
449bf5aa-937d-489b-84ea-38bcd2b0fe58,1749.454999961853,viewer,0,6329762a-772a-4522-b323-ac36c416b3f5,,Guest77697,ğŸ˜,,,,2026-01-14 11:29:13.000Z,approved,live
0ec572e9-266c-4a8b-b085-fe0b5a4d5670,1762.971999956131,viewer,0,bad7433c-36b1-4ed7-85c1-b21d6df273eb,,Guest16844,ã‚¯ãƒ¼ãƒãƒ³ã¯ç„¡ã„ã®ã‹ãªï¼Ÿ,,,,2026-01-14 11:29:02.000Z,approved,live
1885668c-b752-42d2-8fc3-e8556dd02e12,1735.012000005722,viewer,0,bad7a40b-3fd7-470c-8645-e66dbd64ed09,,MTGæ‹…å½“è€…ğŸ¦„ğŸŒŸâœ¨,é«ªã®æ¯›ã¸1ç•ªè¿‘ã„ç®‡æ‰€ã¸æ­è¼‰ã§ãã¾ã—ãŸğŸŒŸ,,,,2026-01-14 11:28:57.000Z,approved,live
8f76caa4-87ad-4f65-97ea-b1eba569c189,1739.906999967575,viewer,0,0c8a6f0d-3773-4e90-8aab-af327bd8caf1,,ã¦ã‚‹ã‚Šã‚“ã‚Šã‚“,ã™ã”ãƒ¼ã„ï¼ï¼,,,,2026-01-14 11:28:43.000Z,approved,live
b5abbf-8dca-0e27-f801-dd2e0d414b61,1742.393256,moderator,0,,565303961,ãƒ¤ãƒãƒ€ãƒ‡ãƒ³ã‚­ã‚¹ã‚¿ãƒƒãƒ•,æœ¬æ—¥ã¯ãƒ¡ãƒ¼ã‚«ãƒ¼ã®ã”æ‹…å½“è€…æ§˜ã‚‚ã‚³ãƒ¡ãƒ³ãƒˆã«ã¦ã”å‚åŠ ã„ãŸã ã„ã¦ã„ã¾ã™ã€‚æ°—ã«ãªã‚‹ã“ã¨ãŒã‚ã‚Œã°ã‚³ãƒ¡ãƒ³ãƒˆã§è³ªå•ã‚’ãŠé€ã‚Šãã ã•ã„ã€‚,,,,2026-01-14 11:28:41.000Z,approved,live
86363e2-d8dc-cdf-6e7f-22364a416015,1732.063061,moderator,0,,565303961,ãƒ¤ãƒãƒ€ãƒ‡ãƒ³ã‚­ã‚¹ã‚¿ãƒƒãƒ•,"â¤ï¸ã‚„ã‚³ãƒ¡ãƒ³ãƒˆã‚’ã¤ã‹ã£ã¦ãƒ©ã‚¤ãƒ–ã¸ã”å‚åŠ ãã ã•ã„ï¼ 
ãŠåå‰ã¯å¤‰æ›´ãŒå¯èƒ½ã§ã™ã€‚
",,,,2026-01-14 11:28:31.000Z,approved,live
22b22103-72da-4358-abc3-aeec628fe274,1705.899000097275,viewer,0,b81ee411-dfd5-417d-96e6-7af330deab04,,ãŸã„ç„¼ãã‚¢ãƒ¡,ğŸ‘,,,,2026-01-14 11:28:25.000Z,approved,live
7c4ac0ef-2f4e-4edd-ac3d-be91dbb422f3,1666.053999944687,viewer,0,bad7a40b-3fd7-470c-8645-e66dbd64ed09,,MTGæ‹…å½“è€…ğŸ¦„ğŸŒŸâœ¨,ã ã¶ã‚‹ã›ã‚“ã•ãƒ¼ï¼ï¼ï¼ï¼,,,,2026-01-14 11:27:48.000Z,approved,live
7f7642cf-ecf3-4c20-8249-72945b8c8197,1659.083000125885,viewer,0,2c6c03c9-795c-40c8-a168-81382c5f504a,,ãƒ¡ãƒ³ãƒ¡ãƒ³,ã‚ªã‚·ãƒ£ãƒ¬ã ãªã,,,,2026-01-14 11:27:40.000Z,approved,live
792b9282-32ba-48c0-8395-9d0a89e0d775,1648.4040000762939,viewer,0,bad7a40b-3fd7-470c-8645-e66dbd64ed09,,MTGæ‹…å½“è€…ğŸ¦„ğŸŒŸâœ¨,ã“ã¡ã‚‰ã¯BXã§ã”ã–ã„ã¾ã™ï¼,,,,2026-01-14 11:27:31.000Z,approved,live
cda38364-d3bb-40a3-bc2e-a894d2656197,1651.9730001125336,viewer,0,329bc0e4-e1ff-4308-86ea-29745db5a890,,Guest52273,ã“ã®ãƒ‰ãƒ©ã‚¤ãƒ¤ãƒ¼ã¯é¢¨é‡ãŒã™ã”ãã¦ãƒ­ãƒ³ã‚°ã§ã‚‚ä¹¾ãã®æ—©ã„ã‹ã‚‰ã‚ã‚ŠãŒãŸã„ã§ã™ã€‚,,,,2026-01-14 11:27:30.000Z,approved,live
90bc5af6-3782-433f-81c7-31bb24fc2fc0,1635.72500015831,viewer,0,4cf55e7a-bef0-41c6-ac5f-22e331679f3c,,ã‚¿ã‚±ã•ã‚“,BXã§ã™ã‚ˆã­ï¼Ÿ,,,,2026-01-14 11:27:23.000Z,approved,live
9be075ff-9686-43d9-841a-c8d4bed0dd4a,1638.5139999561309,viewer,0,43cf5051-e47b-49c0-851e-e13d08ff18e5,,Guest4206880727,seã®ã‚¹ã‚¤ãƒƒãƒéƒ¨åˆ†ãŒè¦‹ã¦ã¿ãŸã„â€¼ï¸,,,,2026-01-14 11:27:21.000Z,approved,live
5dbf67b9-4943-4d4b-8fec-9444cbad028f,1647.5230001010896,viewer,0,0c8a6f0d-3773-4e90-8aab-af327bd8caf1,,ã¦ã‚‹ã‚Šã‚“ã‚Šã‚“,ã‚­ãƒ©ã‚­ãƒ©ã§ã‹ã‚ã„ã„ï¼ï¼,,,,2026-01-14 11:27:11.000Z,approved,live
32b2f735-c78d-47d5-be47-97fe1d228943,1622.8020001506804,viewer,0,4cf55e7a-bef0-41c6-ac5f-22e331679f3c,,ã‚¿ã‚±ã•ã‚“,BWã˜ã‚ƒãªãã¦,,,,2026-01-14 11:27:10.000Z,approved,live
93489c75-332d-4baf-98cf-b043eaac9274,1627.565000038147,viewer,0,bad7a40b-3fd7-470c-8645-e66dbd64ed09,,MTGæ‹…å½“è€…ğŸ¦„ğŸŒŸâœ¨,ãƒ©ã‚°ã‚¸ãƒ¥ã‚¢ãƒªãƒ¼æº¢ã‚Œã‚‹ãƒ¢ãƒ‡ãƒ«ã§ã”ã–ã„ã¾ã™ğŸŒŸ,,,,2026-01-14 11:27:10.000Z,approved,live
8ef2bb1-18f1-a0b4-f50b-5b8e447fc186,1594.641828,moderator,0,,565303961,ãƒ¤ãƒãƒ€ãƒ‡ãƒ³ã‚­ã‚¹ã‚¿ãƒƒãƒ•,"ã‚³ãƒ¡ãƒ³ãƒˆæ¬„ã®
é‰›ç­†ãƒãƒ¼ã‚¯ã‚’æŠ¼ã—ã¦ã„ãŸã ãã¨ãŠåå‰ã¯å¤‰æ›´ãŒå¯èƒ½ã§ã™ã€‚
",,,,2026-01-14 11:26:14.000Z,approved,live
7e1e562b-6445-4ed0-95f8-2d4508b11c9a,1536.7450000133515,viewer,0,bad7a40b-3fd7-470c-8645-e66dbd64ed09,,MTGæ‹…å½“è€…ğŸ¦„ğŸŒŸâœ¨,ã„ã¤ã§ã‚‚ã€ã©ã“ã§ã‚‚ã€ReFaã¨ã¨ã‚‚ã«ãŠå‡ºã‹ã‘ãã ã•ã„ğŸŒŸ,,,,2026-01-14 11:25:39.000Z,approved,live
e2a48337-2ae1-4024-9bc2-5befb1c86721,1535.4299999656678,viewer,0,0c8a6f0d-3773-4e90-8aab-af327bd8caf1,,Guest4092565761,åå‰ã£ã¦ã©ã†ã‚„ã£ã¦å¤‰ãˆã‚‹ã‚“ã§ã™ã‹ï¼Ÿï¼Ÿ,,,,2026-01-14 11:25:19.000Z,approved,live
8ad16e2a-a33c-40ee-9b1e-c4131a3643c0,1516.594000011444,viewer,0,aa1fa763-69ab-40cd-999f-510838056be8,,Guest74598,æŒã¡é‹ã¹ã‚‹ã£ã¦è¨€ã£ã¦ãŸã‹ã‚‰å·¾ç€ç€ã„ã¦ã‚‹ã®ã„ã„ï¼ï¼,,,,2026-01-14 11:25:15.000Z,approved,live
6257938a-f3d8-4aea-9050-b7ea0f397575,1511.8990001602174,viewer,0,2c6c03c9-795c-40c8-a168-81382c5f504a,,ãƒ€ãƒ€ãƒ€,è¢‹ã‚‚å¯æ„›ã„ï¼ï¼,,,,2026-01-14 11:25:13.000Z,approved,live
7321d670-83a8-4416-8ad7-2b05bdf1f868,1508.179000005722,viewer,0,bad7a40b-3fd7-470c-8645-e66dbd64ed09,,MTGæ‹…å½“è€…ğŸ¦„ğŸŒŸâœ¨,ãƒãƒ¼ãƒã®ç”Ÿåœ°ã‚‚æŸ”ã‚‰ã‹ãã€æœ¬ä½“ã‚’å‚·ä»˜ã‘ãšæŒã¡é‹ã³å¯èƒ½ã§ã™ï¼,,,,2026-01-14 11:25:10.000Z,approved,live
db1ba9da-8ec2-4e50-9f4c-f928aa755a0d,1509.6590001277923,viewer,0,0c8a6f0d-3773-4e90-8aab-af327bd8caf1,,Guest4092565761,ãŠæ³Šã‚Šã®æ™‚ã«ã„ã„ã‹ã‚‚ï¼ï¼,,,,2026-01-14 11:24:53.000Z,approved,live
9f204c52-9347-423a-91b2-99929546af01,1508.8730001411438,viewer,0,e6ac9597-ec16-4884-9cca-516874fa1406,,Guest59035,ãƒ–ãƒ©ãƒƒã‚¯ãŒã‚«ãƒƒã‚³ã‚¤ã‚¤ã€‚,,,,2026-01-14 11:24:52.000Z,approved,live
7d13d8c-5d5-ae5c-e215-2abb80a41eee,1508.58417,moderator,0,,565303961,ãƒ¤ãƒãƒ€ãƒ‡ãƒ³ã‚­ã‚¹ã‚¿ãƒƒãƒ•,"â¤ï¸ã‚„ã‚³ãƒ¡ãƒ³ãƒˆã‚’ã¤ã‹ã£ã¦ãƒ©ã‚¤ãƒ–ã¸ã”å‚åŠ ãã ã•ã„ï¼ 
ãŠåå‰ã¯å¤‰æ›´ãŒå¯èƒ½ã§ã™ã€‚
",,,,2026-01-14 11:24:48.000Z,approved,live
2acb76fc-0946-4489-9d98-f855d23728f2,1477.3130001010895,viewer,0,bad7a40b-3fd7-470c-8645-e66dbd64ed09,,MTGæ‹…å½“è€…ğŸ¦„ğŸŒŸâœ¨,é¸ã³ã«é¸ã³æŠœã„ãŸ7è‰²ã§ã™ğŸ¦„,,,,2026-01-14 11:24:40.000Z,approved,live
7fa20d5d-cb6f-4de0-b5fc-93418f47653d,1450.0740000057222,viewer,0,bad7a40b-3fd7-470c-8645-e66dbd64ed09,,MTGæ‹…å½“è€…ğŸ¦„ğŸŒŸâœ¨,å¯æ„›ã„ã®æœ€ä¸Šç´šã‚’ã‚ã‚ŠãŒã¨ã†ã”ã–ã„ã¾ã™ğŸŒŸç¬‘,,,,2026-01-14 11:24:12.000Z,approved,live
aa56180b-6d08-4309-a734-15ecdb7c3f54,1450.332000070572,viewer,0,329bc0e4-e1ff-4308-86ea-29745db5a890,,Guest52273,é™å®šã‚«ãƒ©ãƒ¼ã¨ã‹ãªã„ã‚“ã§ã™ã‹ï¼Ÿ,,,,2026-01-14 11:24:08.000Z,approved,live
81dcab18-d1c6-43c6-9687-f177f885b3da,1438.914999944687,viewer,0,5ab6c05b-3230-4fe7-96c0-f3bfa01ab0b0,,Guest40274,ç¶ºéº—ãªæ°´è‰²,,,,2026-01-14 11:24:07.000Z,approved,live
241a4592-0782-4ed7-9393-16d1a1f8975b,1442.238000164032,viewer,0,0c8a6f0d-3773-4e90-8aab-af327bd8caf1,,Guest4092565761,ã‹ã†ã‡ã‚ã„ã„ã„ã„ã„ã„ã„,,,,2026-01-14 11:23:45.000Z,approved,live
4007c451-7859-46e1-97f0-8c8bff16e9c7,1419.9759999542237,viewer,0,bad7a40b-3fd7-470c-8645-e66dbd64ed09,,MTGæ‹…å½“è€…ğŸ¦„ğŸŒŸâœ¨,ãŠå®¢æ§˜ã«ã‚ˆã£ã¦ã¯ãƒ”ãƒ³ã‚¯ã®ãƒãƒ¼ãƒˆãƒ–ãƒ©ã‚·ã‚„ã‚¨ãƒ¼ãƒ«ãƒ–ãƒ©ã‚·ã¨ã‚»ãƒƒãƒˆã§ãŠä½¿ã„ã„ãŸã ã„ã¦ãŠã‚Šã¾ã™ï¼,,,,2026-01-14 11:23:42.000Z,approved,live
2ff6d709-2da7-4e04-8eca-000888e893df,1416.3920000286103,viewer,0,e6bc96ca-1eda-4336-b62c-e8d269e39531,,Guest46680,ç”·æ€§ã‹ã‚‰ã®ãƒ—ãƒ¬ã‚¼ãƒ³ãƒˆã ã£ãŸã‚‰å¬‰ã—ã„,,,,2026-01-14 11:23:33.000Z,approved,live
354a067d-3303-411e-9762-4074876fa7b6,1414.5480001602173,viewer,0,2c6c03c9-795c-40c8-a168-81382c5f504a,,ãƒ€ãƒ€ãƒ€,é»’ã‚‚ã‚·ãƒƒã‚¯ã§ã„ã„ã­ï¼,,,,2026-01-14 11:23:33.000Z,approved,live
5670966d-02ab-47fa-9ef7-643a6cbdc9a0,1416.558000114441,viewer,0,2a2b25e2-49df-488e-b25d-8995b3478ed1,,ã²ã‚,ãã£ã‹ï¼ãƒãƒ¬ãƒ³ã‚¿ã‚¤ãƒ³ãŒã‚ã£ãŸã€‚ãƒ—ãƒ¬ã‚¼ãƒ³ãƒˆã«ã„ã„ã‹ã‚‚,,,,2026-01-14 11:23:18.000Z,approved,live
4d529dad-cc6d-4a98-9ebc-36bc066f5d6b,1414.0939999485015,viewer,0,0c8a6f0d-3773-4e90-8aab-af327bd8caf1,,Guest4092565761,ã‹ã£ã“ã„ã„ï¼ï¼ï¼ï¼ï¼,,,,2026-01-14 11:23:17.000Z,approved,live
8c2e85f9-0ec6-4967-8938-129a1ec50ac6,1386.6120000839232,viewer,0,bad7a40b-3fd7-470c-8645-e66dbd64ed09,,MTGæ‹…å½“è€…ğŸ¦„ğŸŒŸâœ¨,é«˜ç´šæ„Ÿæº¢ã‚Œã‚‹ãƒãƒƒãƒˆã§ã™ï¼,,,,2026-01-14 11:23:09.000Z,approved,live
fa66b598-a309-404f-8fa8-2d2bcd6c39a7,1388.9649999732972,viewer,0,e6bc96ca-1eda-4336-b62c-e8d269e39531,,Guest46680,ãƒ”ãƒ³ã‚¯ã®ã‚»ãƒƒãƒˆå¯æ„›ã„,,,,2026-01-14 11:23:06.000Z,approved,live
83d2864a-6e08-4c4e-9814-e6ae537cfe3c,1355.4429999866486,viewer,0,329bc0e4-e1ff-4308-86ea-29745db5a890,,Guest52273,é»’ã¯ãƒãƒƒãƒˆãªã®ã„ã„ã§ã™ã­,,,,2026-01-14 11:22:34.000Z,approved,live
0090fc3c-f406-4e5c-bf84-4925f7e22029,1371.2530000286101,viewer,0,1a987799-ba04-45b5-bd56-eec021c543ab,,Guest2440570499,æ°´è‰²ãŒã„ã„ãªï½,,,,2026-01-14 11:22:33.000Z,approved,live
75e01c2e-ac0c-43f3-ba7d-ed67af5cedc6,1344.6800000953674,viewer,0,5cf9125e-d6c4-4664-b0c2-cfc2fdfabb07,,J,ã‚·ãƒ£ãƒ³ãƒ‘ãƒ³ã‚´ãƒ¼ãƒ«ãƒ‰ãŠã—ã‚ƒã‚Œ,,,,2026-01-14 11:22:23.000Z,approved,live
e916bace-f538-4662-ab34-2111db37a94e,1345.1529999980926,viewer,0,2c6c03c9-795c-40c8-a168-81382c5f504a,,ã‚¢ã‚«ãƒª,æŒã¡é‹ã³ã«ã‚ˆã•ãã†,,,,2026-01-14 11:22:23.000Z,approved,live
f1082118-a54a-49d2-a307-11cbdb1c2912,1328.0590001621247,viewer,0,bad7a40b-3fd7-470c-8645-e66dbd64ed09,,MTGæ‹…å½“è€…ğŸ¦„ğŸŒŸâœ¨,ã‚¸ãƒ ã‚„ã‚µã‚¦ãƒŠã€å¸°çœãªã©ã•ã¾ã–ã¾æŒã¡é‹ã³ã„ãŸã ã‘ã¾ã™ï¼,,,,2026-01-14 11:22:10.000Z,approved,live
61906ee9-2dbb-4acc-8ca8-3a44d4527024,1332.575000143051,viewer,0,207c7cf2-4f03-4c71-837d-6375925005c8,,Guest9138,ğŸ‘,,,,2026-01-14 11:21:58.000Z,approved,live
5e34ce2-c51b-8d01-360e-1ff257a23f,1329.00653,moderator,0,,565303961,ãƒ¤ãƒãƒ€ãƒ‡ãƒ³ã‚­ã‚¹ã‚¿ãƒƒãƒ•,"â¤ï¸ã‚„ã‚³ãƒ¡ãƒ³ãƒˆã‚’ã¤ã‹ã£ã¦ãƒ©ã‚¤ãƒ–ã¸ã”å‚åŠ ãã ã•ã„ï¼ 
ãŠåå‰ã¯å¤‰æ›´ãŒå¯èƒ½ã§ã™ã€‚
",,,,2026-01-14 11:21:48.000Z,approved,live
4ce4c949-d55e-4109-afd0-6bc186d6c659,1300.9940000457764,viewer,0,bc9ff918-9d63-4443-8c57-7e2b0d8a0b90,,pizza,çš†ã•ã‚“ã®ãŠã™ã™ã‚ã‚«ãƒ©ãƒ¼ã¯ï¼Ÿ,,,,2026-01-14 11:21:25.000Z,approved,live
288e34e0-904c-4b63-8473-27510cc56764,1269.725999988556,viewer,0,bad7a40b-3fd7-470c-8645-e66dbd64ed09,,MTGæ‹…å½“è€…ğŸ¦„ğŸŒŸâœ¨,ãƒ¡ãƒ¼ã‚«ãƒ¼ä¿è¨¼ã¯1å¹´ã§ã”ã–ã„ã¾ã™ï¼,,,,2026-01-14 11:21:12.000Z,approved,live
cd8e8b64-4830-4f03-95c9-5e7c7f10f241,1268.7090001182555,viewer,0,b81ee411-dfd5-417d-96e6-7af330deab04,,ãŸã„ç„¼ãã‚¢ãƒ¡,ãªã‚“ã‹ä»–ã«ã‚»ãƒ³ã‚µãƒ¼ã¤ã„ã¦ã‚‹ã®ã§ã™ã‹ï¼Ÿ,,,,2026-01-14 11:21:09.000Z,approved,live
c9ad781c-e94b-48cd-985b-86969e158c5c,1257.3440001087188,viewer,0,e6bc96ca-1eda-4336-b62c-e8d269e39531,,Guest46680,ã‚µã‚¦ãƒŠã«ã‚‚æŒã£ã¦ã„ã‘ãã†,,,,2026-01-14 11:20:54.000Z,approved,live
c3742632-e9f3-451f-8271-b7f440d0fc74,1269.99400009346,viewer,0,2a2b25e2-49df-488e-b25d-8995b3478ed1,,ã²ã‚,ãƒ¡ãƒ¼ã‚«ãƒ¼ä¿è¨¼ã£ã¦æœŸé–“ã©ã®ãã‚‰ã„ã‹ãªï¼Ÿ,,,,2026-01-14 11:20:52.000Z,approved,live
d1b3285e-2aaa-4228-915b-83345ad86034,1265.337000152588,viewer,0,21f41c64-ab2c-49fd-8eaf-f1a9ae874082,,ã‚ãã‚„ã‚“,ç”·æ€§ã®ã²ã‹ã‚‹ã‚“ãŒæŒã£ã¦æŒã¡æ‰‹å°ã•ã™ãã‚‹æ„Ÿã˜ã¯ãªã„ã§ã™ã‹,,,,2026-01-14 11:20:46.000Z,approved,live
3650b5be-1eb4-41b7-9728-09a33c0ac879,1238.7000000896453,viewer,0,bad7a40b-3fd7-470c-8645-e66dbd64ed09,,MTGæ‹…å½“è€…ğŸ¦„ğŸŒŸâœ¨,ãƒ‡ã‚¶ã‚¤ãƒ³ã«ã‚‚ã“ã ã‚ã£ã¦é–‹ç™ºã‚’ã—ã¦ãŠã‚Šã¾ã™ï¼,,,,2026-01-14 11:20:41.000Z,approved,live
9c927081-47f3-4029-9aa3-57676edc18ca,1212.1040001678466,viewer,0,2c6c03c9-795c-40c8-a168-81382c5f504a,,ã‚µãƒˆãƒª,ãƒ‡ã‚¶ã‚¤ãƒ³ã‚‚å¯æ„›ã„ï¼,,,,2026-01-14 11:20:13.000Z,approved,live
3bf6cae-3e5b-74ff-0382-2cd5a7234f3a,1232.098699,moderator,0,,565303961,ãƒ¤ãƒãƒ€ãƒ‡ãƒ³ã‚­ã‚¹ã‚¿ãƒƒãƒ•,æœ¬æ—¥ã¯ãƒ¡ãƒ¼ã‚«ãƒ¼ã®ã”æ‹…å½“è€…æ§˜ã‚‚ã‚³ãƒ¡ãƒ³ãƒˆã«ã¦ã”å‚åŠ ã„ãŸã ã„ã¦ã„ã¾ã™ã€‚æ°—ã«ãªã‚‹ã“ã¨ãŒã‚ã‚Œã°ã‚³ãƒ¡ãƒ³ãƒˆã§è³ªå•ã‚’ãŠé€ã‚Šãã ã•ã„ã€‚,,,,2026-01-14 11:20:11.000Z,approved,live
437e86e6-f843-47d9-977b-6256e79a143f,1189.0550001716613,viewer,0,bad7a40b-3fd7-470c-8645-e66dbd64ed09,,MTGæ‹…å½“è€…ğŸ¦„ğŸŒŸâœ¨,ç¾å®¹é™¢ã§ã”ä½¿ç”¨ã„ãŸã ã„ãŸã¨ã®ã“ã¨ã€å¬‰ã—ã„ã§ã™ğŸŒŸ,,,,2026-01-14 11:19:51.000Z,approved,live
42740042-b0f7-4b6c-b11c-b851cb84e9a4,1173.998,viewer,0,7730af03-43bf-4c65-808c-4b29423d1237,,ã‚‚ã¡,è‚Œã«ã‚‚è‰¯ã•ãã†,,,,2026-01-14 11:19:44.000Z,approved,live
5240e755-4dd9-460f-90a6-045cc96056bf,1161.2700001659393,viewer,0,704c0eba-e3ca-4cfb-94db-20cd0099a421,,Guest16740,ç¾å®¹é™¢ã§ä½¿ã£ã¦ã‚‚ã‚‰ã£ãŸã‘ã©ã€ä»•ä¸ŠãŒã‚Šå…¨ç„¶é•ã„ã¾ã—ãŸï¼,,,,2026-01-14 11:19:24.000Z,approved,live
2ff4edac-460d-4fc2-bc5b-d9a84a9dbe8f,1162.9790000514984,viewer,0,a84b99b8-a097-4633-a331-654461259ed3,,ã“ã†ã™ã‘,ğŸ‘,,,,2026-01-14 11:19:18.000Z,approved,live
c62c90be-c25b-4797-8935-00bb7b7baeae,1163.8710000228882,viewer,0,207c7cf2-4f03-4c71-837d-6375925005c8,,Guest9138,â¤ï¸,,,,2026-01-14 11:19:10.000Z,approved,live
0bbd1ad5-c58f-4cf0-a245-856df3e73fb1,1133.6770000305175,viewer,0,43780940-496b-48af-b006-8add9b02069e,,Guest48720,ã¿ã‹ã‚“,,,,2026-01-14 11:19:03.000Z,approved,live
8e1a3afb-54a3-40dc-b90c-816b4c214526,1127.409000011444,viewer,0,5c36eab9-aefc-4ed2-8193-fc89fb9e5392,,Guest74824,ğŸ‘,,,,2026-01-14 11:18:56.000Z,approved,live
fe34fa6e-22d8-476c-b601-b8cb3088c20b,1133.431000087738,viewer,0,2c6c03c9-795c-40c8-a168-81382c5f504a,,ã“ã„ã—,å¤‰ã‚ã£ãŸãƒ¼ï¼,,,,2026-01-14 11:18:56.000Z,approved,live
1fb6ad70-831e-4f95-bbf3-8516e9bf9e0a,1122.496999994278,viewer,0,5c36eab9-aefc-4ed2-8193-fc89fb9e5392,,Guest74824,ğŸ˜,,,,2026-01-14 11:18:51.000Z,approved,live
3f615770-e3cd-4ec5-bceb-25ab382baa21,1122.766000125885,viewer,0,2c6c03c9-795c-40c8-a168-81382c5f504a,,ãƒãƒ ã‚¹ã‚¿ãƒ¼,å…¨ç„¶ã¡ãŒã†ï¼,,,,2026-01-14 11:18:45.000Z,approved,live
fcc72db3-9715-4053-b89e-c8e8c468eff9,1114.7119999427796,viewer,0,5c36eab9-aefc-4ed2-8193-fc89fb9e5392,,Guest74824,ğŸ˜,,,,2026-01-14 11:18:43.000Z,approved,live
db680100-5cd8-440c-b01a-4a5a1cb157f0,1115.9700001277924,viewer,0,bad7a40b-3fd7-470c-8645-e66dbd64ed09,,MTGæ‹…å½“è€…ğŸ¦„ğŸŒŸâœ¨,è¦‹ãŸç›®ã ã‘ã§ãªãã€è§¦ã‚Šå¿ƒåœ°ã‚‚ã—ã£ã¨ã‚Šã‚’å¶ãˆã¦ãã‚Œã¾ã™ï¼,,,,2026-01-14 11:18:38.000Z,approved,live
42a62ca5-8f40-47f3-b1ed-7bf7add20368,1097.5960001659394,viewer,0,704c0eba-e3ca-4cfb-94db-20cd0099a421,,Guest16740,ã™ã”ã„ï¼ãƒ„ãƒ¤ã‚‚ã§ã¦ã‚‹ããŒã™ã‚‹ã€ã€ã€,,,,2026-01-14 11:18:21.000Z,approved,live
a24918ce-fccc-4a3a-8314-48e2dc668fcb,1096.9629999771118,viewer,0,b9da652d-7554-4497-928c-cdc5b2185234,,ã®ã‚Š,ã™ã”ã„ãƒ¼ãƒ¼ãƒ¼ãƒ¼ğŸ¤©ğŸ¤©,,,,2026-01-14 11:18:18.000Z,approved,live
012bb9b9-21ec-4068-9c3d-05a2bd0baf50,1096.8410000095369,viewer,0,a84b99b8-a097-4633-a331-654461259ed3,,ã“ã†ã™ã‘,å¤‰ã‚ã£ãŸãƒ¼ï¼,,,,2026-01-14 11:18:12.000Z,approved,live
e577d27-8ca1-343f-0d0-4452837f0ecf,1109.9801,moderator,0,,565303961,ãƒ¤ãƒãƒ€ãƒ‡ãƒ³ã‚­ã‚¹ã‚¿ãƒƒãƒ•,ã™ã”ã„ãªã¨æ€ã£ãŸã‚‰â™¡ã‚’ãŠé¡˜ã„ã—ã¾ã™ï¼,,,,2026-01-14 11:18:09.000Z,approved,live
40bf5dd0-2c8f-467a-b15d-67ea51cefa5d,1078.40700009346,viewer,0,b81ee411-dfd5-417d-96e6-7af330deab04,,ãŸã„ç„¼ãã‚¢ãƒ¡,ã™ã”ã„,,,,2026-01-14 11:17:59.000Z,approved,live
7dab0e30-6dfd-482c-8039-ad626da686c9,1072.2259999923706,viewer,0,aa1fa763-69ab-40cd-999f-510838056be8,,Guest74598,ã—ã£ã¨ã‚Šã—ã¦ã‚‹ã®ãŒã‚ã‹ã‚‹,,,,2026-01-14 11:17:51.000Z,approved,live
40515eae-4c17-44b5-a9bd-5f9d895907e4,1059.2599999904633,viewer,0,92580ce1-9488-4370-8f1c-cdbdc5e41630,,Guest67320,ã™ã”ï¼,,,,2026-01-14 11:17:41.000Z,approved,live
c216564b-0ea0-4fac-93dc-e96493083c28,1014.484999988556,viewer,0,2c6c03c9-795c-40c8-a168-81382c5f504a,,ãƒãƒ ã‚¹ã‚¿ãƒ¼,ãã—ã‚ƒãã—ã‚ƒã ğŸ’¦,,,,2026-01-14 11:16:57.000Z,approved,live
d6b186b4-2e70-4b4b-aca4-787b21572ad7,988.0450001430512,viewer,0,2a2b25e2-49df-488e-b25d-8995b3478ed1,,ã²ã‚,é™é›»æ°—ã«å¯¾ã—ã¦ã€ä½•ã‹åŠ¹æœã‚ã‚‹ã®ã‹ãªï¼Ÿ,,,,2026-01-14 11:16:10.000Z,approved,live
80cfd60-17a8-5dbf-0dc-43a5e7d0e8fb,988.706288,moderator,0,,565303961,ãƒ¤ãƒãƒ€ãƒ‡ãƒ³ã‚­ã‚¹ã‚¿ãƒƒãƒ•,å•†å“ãŒæ°—ã«ãªã£ãŸæ–¹ã¯ã„ã¾ã™ãã‚¢ã‚¤ã‚³ãƒ³ã‚’ã‚¿ãƒƒãƒ—ğŸ‘‰ğŸ‘‰,,,,2026-01-14 11:16:08.000Z,approved,live
14fbfcb2-5acd-400b-af46-ec814f838b05,971.6740001468659,viewer,0,1a987799-ba04-45b5-bd56-eec021c543ab,,Guest2440570499,ã¤ã‚„ã¤ã‚„ã«ãªã‚Šã¾ã™ã‹ï¼Ÿ,,,,2026-01-14 11:15:53.000Z,approved,live
3ab09300-af0c-4f17-80ec-7b7ca88418b8,948.4430000267029,viewer,0,bad7a40b-3fd7-470c-8645-e66dbd64ed09,,MTGæ‹…å½“è€…ğŸ¦„ğŸŒŸâœ¨,ã²ã‚æ§˜ã€å¼±ã§ã™ã¨0.6ã¥/åˆ†ã¨ãªã‚Šã¾ã™ï¼,,,,2026-01-14 11:15:51.000Z,approved,live
1ea8196f-246f-4d4d-ba73-c97ac8efda2b,934.8729999580383,viewer,0,b81ee411-dfd5-417d-96e6-7af330deab04,,ãŸã„ç„¼ãã‚¢ãƒ¡,ãªã‚“ã‹ã‚»ãƒ³ã‚µãƒ¼,,,,2026-01-14 11:15:35.000Z,approved,live
c82ccbdf-f386-40cf-b4ab-416100813313,896.6410000038147,viewer,0,704c0eba-e3ca-4cfb-94db-20cd0099a421,,Guest16740,æ¨ã—ã®ã‚¢ã‚¤ãƒ‰ãƒ«ã®ã‚«ãƒ©ãƒ¼è²·ã„ãŸã„ãªã,,,,2026-01-14 11:14:58.000Z,approved,live
f935e28b-f8ee-4a0e-8257-fe1176d2140d,879.4900001296998,viewer,0,aa1fa763-69ab-40cd-999f-510838056be8,,Guest74598,ã‚·ãƒ£ãƒ³ãƒ‘ãƒ³ã‚´ãƒ¼ãƒ«ãƒ‰å¯æ„›ã„,,,,2026-01-14 11:14:38.000Z,approved,live
8f1f0b50-be9b-4687-ae90-b5f795671d4c,846.8750001449584,viewer,0,bad7a40b-3fd7-470c-8645-e66dbd64ed09,,MTGæ‹…å½“è€…ğŸ¦„ğŸŒŸâœ¨,æœ¬æ—¥ã‚ˆã‚Šç™ºå£²é–‹å§‹ã§ã™ï¼,,,,2026-01-14 11:14:09.000Z,approved,live
3eb055ee-ed15-4010-afdc-e0e043109534,842.8270001087188,viewer,0,b81ee411-dfd5-417d-96e6-7af330deab04,,ãŸã„ç„¼ãã‚¢ãƒ¡,å®¤æ¸©ã®ä»–ã«ã‚»ãƒ³ã‚µãƒ¼ã¤ã„ã¦ã‚‹ã®ï¼Ÿ,,,,2026-01-14 11:14:03.000Z,approved,live
ea02389c-5806-4b63-9d31-cc3066589372,836.2390001277923,viewer,0,329bc0e4-e1ff-4308-86ea-29745db5a890,,Guest52273,ã“ã®ã‚µã‚¤ã‚ºã§33000ã¯é«˜ã„æ°—ãŒã—ã¾ã™â€¦,,,,2026-01-14 11:14:02.000Z,approved,live
430614-c07-ab00-231a-a6a5114183e,857.527329,moderator,0,,565303961,ãƒ¤ãƒãƒ€ãƒ‡ãƒ³ã‚­ã‚¹ã‚¿ãƒƒãƒ•,"â¤ï¸ã‚„ã‚³ãƒ¡ãƒ³ãƒˆã‚’ã¤ã‹ã£ã¦ãƒ©ã‚¤ãƒ–ã¸ã”å‚åŠ ãã ã•ã„ï¼ 
ãŠåå‰ã¯å¤‰æ›´ãŒå¯èƒ½ã§ã™ã€‚
",,,,2026-01-14 11:13:57.000Z,approved,live
fa1d633c-9ace-48d0-b0a1-b24783333a4f,850.7470000457764,viewer,0,2a2b25e2-49df-488e-b25d-8995b3478ed1,,ã²ã‚,å¼±ã®ã‚¹ã‚¤ãƒƒãƒã¨ã‹ã¯ã€ã©ã®ãã‚‰ã„ã®é¢¨é‡ï¼Ÿ,,,,2026-01-14 11:13:53.000Z,approved,live
d217b6e1-a194-4ec8-91d6-514a64d7ec90,823.8180001106263,viewer,0,704c0eba-e3ca-4cfb-94db-20cd0099a421,,Guest16740,ä»Šæ—¥å®¶é›»é‡è²©åº—è¡Œã£ãŸã‚‰ã‚ã£ãŸï¼,,,,2026-01-14 11:13:45.000Z,approved,live
1731a2ac-8629-4925-8e34-a3b0508b829b,821.4020000419616,viewer,0,bc9ff918-9d63-4443-8c57-7e2b0d8a0b90,,æ°´,ã‚·ãƒ£ãƒ³ãƒ‘ãƒ³ã‚´ãƒ¼ãƒ«ãƒ‰ã¨ã€ã‚·ãƒ«ãƒãƒ¼ä¸€ç·’ã«è¦‹ã›ã¦æ¬²ã—ã„,,,,2026-01-14 11:13:25.000Z,approved,live
3f4f9104-6443-4345-852f-d4318fa1dcd9,797.7269999485015,viewer,0,2c6c03c9-795c-40c8-a168-81382c5f504a,,ãƒãƒ ã‚¹ã‚¿ãƒ¼,ã‚«ãƒ©ãƒ¼ãŒå¯æ„›ã„ï¼,,,,2026-01-14 11:13:18.000Z,approved,live
a708b9c4-533a-420c-aadf-b8a770a387a1,792.4019999675751,viewer,0,aa1fa763-69ab-40cd-999f-510838056be8,,Guest74598,ãŠæ‰‹å…¥ã‚Œæ–¹æ³•ã¯ï¼Ÿï¼Ÿ,,,,2026-01-14 11:13:11.000Z,approved,live
ac627708-dff8-4c5c-b5e3-eb69e4fb3ac4,774.6360001354218,viewer,0,bad7a40b-3fd7-470c-8645-e66dbd64ed09,,MTGæ‹…å½“è€…ğŸ¦„ğŸŒŸâœ¨,ãŠå®¶ã§ã‚‚æ—…å…ˆã§ã‚‚ãŠä½¿ã„ã„ãŸã ã‘ã¾ã™ğŸŒŸ,,,,2026-01-14 11:12:57.000Z,approved,live
940da038-7a02-4dcd-b877-d646377c8ab1,747.7520001068115,viewer,0,69915951-ace5-4896-bcdd-3df66affba16,,Guest80337,æ—…è¡Œç”¨ã‹ãªãƒ¼æ™®æ®µä½¿ã„ã§ãã‚‹ï¼Ÿ,,,,2026-01-14 11:12:35.000Z,approved,live
86300abd-fb8f-4a87-aca5-aa18d6189b94,750.8260000896454,viewer,0,d4c7d6e4-c5ba-43f6-911f-f2557ecc8b40,,Guest3661287835,ã™ã”ã„é¢¨é‡ï¼,,,,2026-01-14 11:12:30.000Z,approved,live
a3bab051-b541-4e66-a967-47298a0c97dc,740.4280000286102,viewer,0,5c36eab9-aefc-4ed2-8193-fc89fb9e5392,,Guest74824,ãƒ‘ãƒ‘å›ã€€è‰¯ã„å•†å“,,,,2026-01-14 11:12:29.000Z,approved,live
26a6a3f7-87d7-4385-806d-3166e7194500,747.7850000534057,viewer,0,b81ee411-dfd5-417d-96e6-7af330deab04,,ãŸã„ç„¼ãã‚¢ãƒ¡,å®¤æ¸©ã®ä»–ã«ãªã‚“ã‹ã‚»ãƒ³ã‚µãƒ¼ã¤ã„ã¦ã‚‹ã®ã‹ãªï¼Ÿ,,,,2026-01-14 11:12:28.000Z,approved,live
cd40ea9b-0d94-45a2-bdd1-c0e321d60f0f,742.8370000553131,viewer,0,704c0eba-e3ca-4cfb-94db-20cd0099a421,,Guest16740,ã™ãä¹¾ããã†ãƒ¼ãƒ¼,,,,2026-01-14 11:12:24.000Z,approved,live
6d8f9bb2-f02d-4f25-bda1-14cf02457f78,760.4860001506805,viewer,0,14624a9b-2a8c-43af-a9b0-948e06c79f4f,,Guest83851,æ—…è¡Œå…ˆã«æŒã£ã¦ã„ããŸã„ï¼ï¼,,,,2026-01-14 11:12:21.000Z,approved,live
8cc0e296-0505-4023-ba2e-f31d358ff087,759.0090000610352,viewer,0,21f41c64-ab2c-49fd-8eaf-f1a9ae874082,,ã‚ãã‚„ã‚“,ã‚³ãƒ³ãƒ‘ã‚¯ãƒˆã‚µã‚¤ã‚ºãªã®ã«ãƒ‘ãƒ¯ãƒ¼ã‚ã£ã¦ã„ã„ã­,,,,2026-01-14 11:12:19.000Z,approved,live
ea525233-8f95-453f-8736-47d342858968,731.3229999713898,viewer,0,5cf9125e-d6c4-4664-b0c2-cfc2fdfabb07,,J,ã“ã®ã‚µã‚¤ã‚ºã§é¢¨é‡å¼·ã‘ã‚Œã°ã€æ–‡å¥ãªã—ã ãª,,,,2026-01-14 11:12:13.000Z,approved,live
f2afe521-9513-480e-aa29-25db7311c385,728.5800000591278,viewer,0,bad7a40b-3fd7-470c-8645-e66dbd64ed09,,MTGæ‹…å½“è€…ğŸ¦„ğŸŒŸâœ¨,ç¶šã€…ã¨ã‚³ãƒ¡ãƒ³ãƒˆã‚ã‚ŠãŒã¨ã†ã”ã–ã„ã¾ã™ï¼å›½å†…å°‚ç”¨ãƒ¢ãƒ‡ãƒ«ã¨ãªã£ã¦ãŠã‚Šã¾ã™ï¼,,,,2026-01-14 11:12:11.000Z,approved,live
cd9c0fb6-38ee-477b-85c9-7242fcc1c372,713.9790000095368,viewer,0,7730af03-43bf-4c65-808c-4b29423d1237,,ã‚‚ã¡,æ‰‹ã«æŒã£ã¦ã‚‹ã®ã‚’è¦‹ãŸã‚‰æ€ã£ã¦ãŸã‚ˆã‚Šã‚‚å°ã•ãã¦é©šãã¾ã—ãŸ,,,,2026-01-14 11:12:04.000Z,approved,live
f0ba97c7-5bdf-41a2-81f5-3a20b283e0df,734.4800000953675,viewer,0,2a2b25e2-49df-488e-b25d-8995b3478ed1,,ã²ã‚,å¼·ã€ä¸­ã€å¼±ã®åˆ‡ã‚Šæ›¿ãˆã‚¹ã‚¤ãƒƒãƒã‚ã‚‹ã®ã‹ãªï¼Ÿãã‚Œãã‚Œå¼·ã•ãŒæ°—ã«ãªã‚‹,,,,2026-01-14 11:11:56.000Z,approved,live
4d6cf4d8-5e93-4408-a3cb-c511f9799cdf,697.6050001068115,viewer,0,5c36eab9-aefc-4ed2-8193-fc89fb9e5392,,Guest74824,ğŸ‘‹,,,,2026-01-14 11:11:46.000Z,approved,live
3c81a33d-30fa-4e9f-9029-05c360b04b2f,696.481000043869,viewer,0,b29ea808-a160-4083-89f1-7aad320840c7,,Guest40072,é«ªãŒé•·ãã¦ã‚‚è»½ã„ã‹ã‚‰æ‰‹ãŒç–²ã‚Œãªãã¦ã„ã„ã‹ã‚‚ã€‚ãƒ‘ãƒ¯ãƒ¼ã‚‚ã‚ã‚‹ã—æ—©ãä¹¾ããã†,,,,2026-01-14 11:11:41.000Z,approved,live
9fda1a72-a020-4a20-8cee-5be3b1b386fa,683.0550001392364,viewer,0,bad7a40b-3fd7-470c-8645-e66dbd64ed09,,MTGæ‹…å½“è€…ğŸ¦„ğŸŒŸâœ¨,é¢¨é‡ã¯0.8ã¥/åˆ†ãªã®ã§ã€å°å‹ã§ã™ãŒãƒ‘ãƒ¯ãƒ•ãƒ«ã§ã™ğŸŒŸ,,,,2026-01-14 11:11:25.000Z,approved,live
3f43758b-e219-404f-b8d8-9caf2fc69838,681.8320001010895,viewer,0,704c0eba-e3ca-4cfb-94db-20cd0099a421,,Guest16740,ã‚¸ãƒ ã«æŒã£ã¦ã„ããŸã„ï¼,,,,2026-01-14 11:11:23.000Z,approved,live
16716534-c881-4ad2-921a-3cb793d7fe42,693.7450000705719,viewer,0,bc9ff918-9d63-4443-8c57-7e2b0d8a0b90,,ã±ã‚“,æµ·å¤–ä½¿ãˆã‚‹ï¼Ÿ,,,,2026-01-14 11:11:18.000Z,approved,live
22b13d10-267a-4a87-bb11-4fb17b867d0c,649.3120000514984,viewer,0,2c6c03c9-795c-40c8-a168-81382c5f504a,,ãƒãƒ ã‚¹ã‚¿ãƒ¼,ã‚³ãƒ³ãƒ‘ã‚¯ãƒˆã ã‹ã‚‰æŒã¡é‹ã³ã«ã‚‚è‰¯ã•ãã†,,,,2026-01-14 11:10:51.000Z,approved,live
f34a74-e86-832-5d41-5cc176bc3d,660.17035,moderator,0,,565303961,ãƒ¤ãƒãƒ€ãƒ‡ãƒ³ã‚­ã‚¹ã‚¿ãƒƒãƒ•,"â¤ï¸ã‚„ã‚³ãƒ¡ãƒ³ãƒˆã‚’ã¤ã‹ã£ã¦ãƒ©ã‚¤ãƒ–ã¸ã”å‚åŠ ãã ã•ã„ï¼ 
ãŠåå‰ã¯å¤‰æ›´ãŒå¯èƒ½ã§ã™ã€‚
",,,,2026-01-14 11:10:39.000Z,approved,live
fbea2bf1-0f89-41c3-8c5a-3f8f6ad57b21,625.9910000209809,viewer,0,704c0eba-e3ca-4cfb-94db-20cd0099a421,,Guest16740,ã“ã‚Œã¯ãƒ†ãƒ³ã‚·ãƒ§ãƒ³ã‚ãŒã‚‹ï¼,,,,2026-01-14 11:10:27.000Z,approved,live
f9d21374-b697-48b0-8a0a-80ddd31633d4,642.3769999561309,viewer,0,bc9ff918-9d63-4443-8c57-7e2b0d8a0b90,,ã±ã‚“,ä¸€ç•ªäººæ°—ã®ã‚«ãƒ©ãƒ¼ã¯ï¼Ÿ,,,,2026-01-14 11:10:26.000Z,approved,live
fdb7fe59-8c46-4b11-81f3-06ed33946d85,613.7870000019074,viewer,0,20fa871e-5297-4b53-a990-5f8b2c25cd44,,Guest88653,éŸ³ãŒé™ã‹ã ï¼æ¬²ã—ã„ãªã€‚,,,,2026-01-14 11:10:21.000Z,approved,live
6d9884de-b12a-45d7-aea9-1dd41f78033d,614.7140000667572,viewer,0,aa1fa763-69ab-40cd-999f-510838056be8,,Guest74598,å¾“æ¥ã®ã¨æ¯”ã¹ã¦ãƒ‘ãƒ¯ãƒ¼ã¯ã©ã†ãªã®ï¼Ÿï¼Ÿ,,,,2026-01-14 11:10:14.000Z,approved,live
e16f0c06-fe9b-4f81-b575-a5d3a86f1bed,606.5569999752045,viewer,0,bad7a40b-3fd7-470c-8645-e66dbd64ed09,,MTGæ‹…å½“è€…ğŸ¦„ğŸŒŸâœ¨,ã“ã¡ã‚‰ã®ãƒ¢ãƒ‡ãƒ«ã¯ãŸã£ãŸã®ç´„280gã§ã”ã–ã„ã¾ã™ï¼,,,,2026-01-14 11:10:09.000Z,approved,live
2eeb5541-2893-4993-bd8f-fbb2aca9a828,625.5360000152588,viewer,0,2a2b25e2-49df-488e-b25d-8995b3478ed1,,Guest18447,ã¿ãˆã‚‹ã€œ,,,,2026-01-14 11:10:07.000Z,approved,live
2ec4b39b-2361-43e1-bc71-edda208190d1,587.0419999580383,viewer,0,aa1fa763-69ab-40cd-999f-510838056be8,,Guest74598,ReFaã®ãƒ‰ãƒ©ã‚¤ãƒ¤ãƒ¼è‰¯ã„ã‚“ã ã‚ˆã­ã€œâ™¡â™¡,,,,2026-01-14 11:09:46.000Z,approved,live
4df543c5-2cfb-4b03-bec1-775609cf40ae,566.1189999790191,viewer,0,329bc0e4-e1ff-4308-86ea-29745db5a890,,Guest52273,é‡ã•ã¯é‡ã„ã§ã™ã‹ï¼Ÿ,,,,2026-01-14 11:09:26.000Z,approved,live
6ebd470d-c8d1-4239-ba28-6d4a5e7266b3,558.7550001602173,viewer,0,bad7a40b-3fd7-470c-8645-e66dbd64ed09,,MTGæ‹…å½“è€…ğŸ¦„ğŸŒŸâœ¨,å¯æ„›ã„ã¨ã®ãŠè¨€è‘‰ã€å…¨ç¤¾å“¡ãŒæ­“å–œã§ã”ã–ã„ã¾ã™ï¼,,,,2026-01-14 11:09:21.000Z,approved,live
85e31c1-11f3-814b-ab33-dc508a82c288,582.024296,moderator,0,,565303961,ãƒ¤ãƒãƒ€ãƒ‡ãƒ³ã‚­ã‚¹ã‚¿ãƒƒãƒ•,"é¢¨é‡ãŒã™ã”ã„ãªã¨æ€ã£ãŸã‚‰ã„ã„ã­â™¡ã‚’ãŠé¡˜ã„ã—ã¾ã™ï¼
",,,,2026-01-14 11:09:21.000Z,approved,live
80d0b843-479a-4c90-8e94-d3eb75c0cba8,535.2119999752044,viewer,0,20fa871e-5297-4b53-a990-5f8b2c25cd44,,Guest88653,éŸ³ãŒé™ã‹ãªã‚‰æ¬²ã—ã„,,,,2026-01-14 11:09:03.000Z,approved,live
21fc360-8d6a-28c8-e40c-dc4b6bb158,559.063676,moderator,0,,565303961,ãƒ¤ãƒãƒ€ãƒ‡ãƒ³ã‚­ã‚¹ã‚¿ãƒƒãƒ•,å•†å“ãŒæ°—ã«ãªã£ãŸæ–¹ã¯ã„ã¾ã™ãã‚¢ã‚¤ã‚³ãƒ³ã‚’ã‚¿ãƒƒãƒ—ğŸ‘‰ğŸ‘‰,,,,2026-01-14 11:08:58.000Z,approved,live
bd95a06a-6042-4edd-9d87-4b479787ee7e,505.9150000667572,viewer,0,9e7ca711-4320-4c46-b055-980d48e66388,,Guest17206,æ¸©é¢¨ã¨å†·é¢¨ã‚’è‡ªå‹•ã§åˆ‡ã‚Šæ›¿ãˆã‚‹ãªã‚“ã¦å‡„ã„æ©Ÿèƒ½,,,,2026-01-14 11:08:36.000Z,approved,live
ec981e82-99b9-44aa-a5e5-87cd63257647,531.6169999675751,viewer,0,2a2b25e2-49df-488e-b25d-8995b3478ed1,,Guest18447,æ¸©é¢¨ã€å†·é¢¨è‡ªå‹•åˆ‡ã‚Šæ›¿ãˆã„ã„ã‚ˆãªã€‚æ™®æ®µæ‰‹å‹•ã§åˆ‡ã‚Šæ›¿ãˆã¦ã‚‹ã‹ã‚‰è‰¯ã„ã­,,,,2026-01-14 11:08:34.000Z,approved,live
01cc38bd-fe3e-4466-9a90-ab5278102cf0,490.9229999694824,viewer,0,5ab6c05b-3230-4fe7-96c0-f3bfa01ab0b0,,Guest40274,å¯æ„›ã„ãª,,,,2026-01-14 11:08:19.000Z,approved,live
379a01a7-c578-4d2b-b52c-3b32891ffa11,488.537000087738,viewer,0,704c0eba-e3ca-4cfb-94db-20cd0099a421,,Guest16740,SNSã§ã‚‚è¦‹ãŸã“ã¨ã‚ã‚Šã¾ã™ï¼,,,,2026-01-14 11:08:10.000Z,approved,live
0aeb86bf-28fd-4492-811b-15ba52c96ef0,481.13200001716615,viewer,0,5ab6c05b-3230-4fe7-96c0-f3bfa01ab0b0,,Guest40274,ğŸ‰,,,,2026-01-14 11:08:09.000Z,approved,live
8c7b498c-f65d-43df-8a6e-51b770221f56,450.4700001335144,viewer,0,bad7a40b-3fd7-470c-8645-e66dbd64ed09,,MTGæ‹…å½“è€…ğŸ¦„ğŸŒŸâœ¨,æŠ˜ã‚ŠãŸãŸã¿ã¯å‡ºæ¥ã‹ã­ã‚‹ãƒ¢ãƒ‡ãƒ«ã§ã™ãŒã€éå¸¸ã«è»½é‡åŒ–ã—ã¦ãŠã‚Šã¾ã™ï¼,,,,2026-01-14 11:07:33.000Z,approved,live
c6ca48e-1cf4-a3a4-ee7f-80cfb1e7e764,441.56997,moderator,0,,565303961,ãƒ¤ãƒãƒ€ãƒ‡ãƒ³ã‚­ã‚¹ã‚¿ãƒƒãƒ•,"â¤ï¸ã‚„ã‚³ãƒ¡ãƒ³ãƒˆã‚’ã¤ã‹ã£ã¦ãƒ©ã‚¤ãƒ–ã¸ã”å‚åŠ ãã ã•ã„ï¼ 
ãŠåå‰ã¯å¤‰æ›´ãŒå¯èƒ½ã§ã™ã€‚
",,,,2026-01-14 11:07:01.000Z,approved,live
5c3fe85c-7064-48cf-822f-316af663decc,393.7550001430511,viewer,0,c41a64ea-b14c-406f-ac35-1ac6be62810d,,Guest20110,æŠ˜ã‚ŠãŸãŸã‚ã‚‹ã‚¿ã‚¤ãƒ—ã®ãƒ‰ãƒ©ã‚¤ãƒ¤ãƒ¼ä½¿ã£ã¦ãŸã‘ã©ãƒã‚¸ãŒç·©ã‚“ã§è²·ã„æ›ãˆãŸã‚ˆ,,,,2026-01-14 11:06:15.000Z,approved,live
908898db-33da-42ce-85ed-1e4fdfd5f43b,372.96099994087217,viewer,0,bad7a40b-3fd7-470c-8645-e66dbd64ed09,,MTGæ‹…å½“è€…ğŸ¦„ğŸŒŸâœ¨,"å…¨è‰²33,000å††ã§ã®ã”ç”¨æ„ã§ã™ï¼",,,,2026-01-14 11:06:15.000Z,approved,live
4756a5c3-23b6-49c4-850a-05f0dff797b4,344.8839999809265,viewer,0,7730af03-43bf-4c65-808c-4b29423d1237,,ã‚‚ã¡,å°ã•ã„ãƒ‰ãƒ©ã‚¤ãƒ¤ãƒ¼å¥½ãã ã‹ã‚‰æ¬²ã—ã„ï¼,,,,2026-01-14 11:05:55.000Z,approved,live
e9f8d0a1-b93c-499f-83e2-2ebdee8c43f4,348.4350000114441,viewer,0,562d0322-2d1a-4ef6-b5dc-dde29e154a6f,,Guest37016,ãƒ“ãƒƒã‚¯ãƒªã€33000å††,,,,2026-01-14 11:05:47.000Z,approved,live
3f1807da-bee1-4449-8966-51738ccabe40,360.2170000114441,viewer,0,c41a64ea-b14c-406f-ac35-1ac6be62810d,,Guest20110,æŠ˜ã‚ŠãŸãŸã‚ã‚‹ã®ï¼Ÿ,,,,2026-01-14 11:05:41.000Z,approved,live
aa63aff3-c64f-4b90-8578-c23600813220,318.71900002479555,viewer,0,f3b245e9-cbf8-4aef-971d-f8a514979ab4,,Guest9462328016,ğŸ‘,,,,2026-01-14 11:05:20.000Z,approved,live
10b5b88f-d600-4ddd-acdc-779e17cde27e,312.44999999237064,viewer,0,aa1fa763-69ab-40cd-999f-510838056be8,,Guest74598,æŠ˜ã‚ŠãŸãŸã‚ã‚‹ã£ã¦ã“ã¨ï¼Ÿ,,,,2026-01-14 11:05:11.000Z,approved,live
fefbfb8a-60ce-4fb5-8496-8ab29a2119c3,300.9700000915527,viewer,0,8e77498a-7a0f-4e80-9e5d-ca24a5da1b36,,Guest26861,ã‹ã‚ã„ãƒ¼ãƒ¼,,,,2026-01-14 11:04:57.000Z,approved,live
251e2364-427f-4aab-9f8c-1954c24ce18d,266.999999961853,viewer,0,2c6c03c9-795c-40c8-a168-81382c5f504a,,ã‚¨ãƒ«ã‚³ãƒ³,ãƒ‰ãƒ©ã‚¤ãƒ¤ãƒ¼ã ï¼,,,,2026-01-14 11:04:25.000Z,approved,live
f1c87f25-829f-48ef-b3ae-d959e3203826,285.33100004005433,viewer,0,bf35ecbf-6101-48a6-91fa-551cba322a23,,Guest58999,ğŸ‘‹,,,,2026-01-14 11:04:24.000Z,approved,live
66130aee-bac8-4df6-be05-48ede5e20462,276.75300012397764,viewer,0,2a2b25e2-49df-488e-b25d-8995b3478ed1,,Guest18447,ã§ã‚‚ãŠé«˜ã„ã‚“ã§ã—ã‚‡ï¼Ÿ,,,,2026-01-14 11:04:19.000Z,approved,live
49ad3137-deb2-4475-98a3-e27f9c3e54db,249.41399999427796,viewer,0,b9da652d-7554-4497-928c-cdc5b2185234,,Guest51212,ğŸ‘‹,,,,2026-01-14 11:04:11.000Z,approved,live
fee397c7-2ef0-45df-a206-f97009beab05,270.26400008392335,viewer,0,90676156-df4a-4033-82ca-d939be11aa75,,Guest51783,è‰²ãŒç¶ºéº—,,,,2026-01-14 11:04:11.000Z,approved,live
68b53fda-ca84-4931-b49b-a46ddddeb97c,241.21299997520447,viewer,0,493bca5f-749c-4e91-80b2-b3bb2f157187,,Guest82726,ğŸ˜,,,,2026-01-14 11:04:04.000Z,approved,live
8ace141e-d7d5-4b05-a09a-727fedc76956,245.49400015830994,viewer,0,2c6c03c9-795c-40c8-a168-81382c5f504a,,ã«ã‚ƒãŠã,ã‚«ãƒƒã‚³ã‚¤ï¼,,,,2026-01-14 11:04:03.000Z,approved,live
fc2be25-ddc7-7d4-a7f-b4f86f4ba326,262.211857,moderator,0,,565303961,ãƒ¤ãƒãƒ€ãƒ‡ãƒ³ã‚­ã‚¹ã‚¿ãƒƒãƒ•,æœ¬æ—¥ã¯ãƒ¡ãƒ¼ã‚«ãƒ¼ã®ã”æ‹…å½“è€…æ§˜ã‚‚ã‚³ãƒ¡ãƒ³ãƒˆã«ã¦ã”å‚åŠ ã„ãŸã ã„ã¦ã„ã¾ã™ã€‚æ°—ã«ãªã‚‹ã“ã¨ãŒã‚ã‚Œã°ã‚³ãƒ¡ãƒ³ãƒˆã§è³ªå•ã‚’ãŠé€ã‚Šãã ã•ã„ã€‚,,,,2026-01-14 11:04:01.000Z,approved,live
346bf98e-d552-4c50-99f5-257a0c9caf84,259.3360001449585,viewer,0,c41a64ea-b14c-406f-ac35-1ac6be62810d,,Guest20110,æ–°ç™ºå£²ãªã‚“ã ï¼,,,,2026-01-14 11:04:00.000Z,approved,live
a5eb2e11-96ce-4eec-ba45-da6a9eb3eb2e,236.1920000076294,viewer,0,b81ee411-dfd5-417d-96e6-7af330deab04,,ãŸã„ç„¼ãã‚¢ãƒ¡,ğŸ‘,,,,2026-01-14 11:03:58.000Z,approved,live
069923e2-2ed2-47e2-a445-2b132ad1ca44,243.12800017356872,viewer,0,90676156-df4a-4033-82ca-d939be11aa75,,Guest51783,ã“ã‚“ã°ã‚“ã¯,,,,2026-01-14 11:03:44.000Z,approved,live
b8c97258-91aa-4d06-b8ae-f69614b3f14f,220.42800002670288,viewer,0,b81ee411-dfd5-417d-96e6-7af330deab04,,ãŸã„ç„¼ãã‚¢ãƒ¡,ğŸ‘‹,,,,2026-01-14 11:03:42.000Z,approved,live
992fbc4a-8b09-4264-a4a6-aaad0135c04f,218.60700003242493,viewer,0,b81ee411-dfd5-417d-96e6-7af330deab04,,ãŸã„ç„¼ãã‚¢ãƒ¡,ğŸ‘‹,,,,2026-01-14 11:03:40.000Z,approved,live
0daacb66-7cea-49ee-8536-e7eb28669793,221.40600006866455,viewer,0,2c6c03c9-795c-40c8-a168-81382c5f504a,,ã«ã‚ƒãŠã,ã²ã‹ã‚‹ã•ãƒ¼ã‚“ï¼,,,,2026-01-14 11:03:39.000Z,approved,live
f9662734-54b3-4bff-9b74-1e084a8c5459,216.83000015830993,viewer,0,5cf9125e-d6c4-4664-b0c2-cfc2fdfabb07,,J,ğŸ‘,,,,2026-01-14 11:03:38.000Z,approved,live
296e1c0c-eb6a-45e9-a187-32bc5288b37e,219.57100008201598,viewer,0,a84b99b8-a097-4633-a331-654461259ed3,,ã“ã†ã™ã‘,ğŸ‘,,,,2026-01-14 11:03:35.000Z,approved,live
0862fc85-6069-4b42-805d-36e2ef860b27,229.46299993896486,viewer,0,14624a9b-2a8c-43af-a9b0-948e06c79f4f,,Guest83851,ã„ã‘ã‚ã‚“,,,,2026-01-14 11:03:30.000Z,approved,live
bbfe641-dd87-17a-ab48-aad2b7cd7810,223.66803,moderator,0,,565303961,ãƒ¤ãƒãƒ€ãƒ‡ãƒ³ã‚­ã‚¹ã‚¿ãƒƒãƒ•,"
MTGã®ã²ã‹ã‚‹ã‚“ã§ã™ï¼ã‚³ãƒ¡ãƒ³ãƒˆæ¬„ã«ğŸ‘ã‚’æŠ¼ã—ã¦ãŠè¿ãˆãã ã•ã„ï¼",,,,2026-01-14 11:03:23.000Z,approved,live
b32828d7-e1ce-4b1d-8e71-0ec7c438d172,197.7480000629425,viewer,0,6d1add3b-a80f-44de-9c5f-8a27c55d0aa8,,47,ã‹ã‚ã„ã„,,,,2026-01-14 11:03:16.000Z,approved,live
3c010b8c-8674-434a-996e-be68d311134f,190.033000164032,viewer,0,5cf9125e-d6c4-4664-b0c2-cfc2fdfabb07,,J,ã‚ªã‚·ãƒ£ãƒ¬ã™ãã‚‹,,,,2026-01-14 11:03:11.000Z,approved,live
4438df19-767a-475f-ac89-059e0b7dbf7f,202.72600006294252,viewer,0,21f41c64-ab2c-49fd-8eaf-f1a9ae874082,,ã‚ãã‚„ã‚“,7è‰²ï¼,,,,2026-01-14 11:03:03.000Z,approved,live
d325b643-e83d-4cd8-be58-601954c38695,189.88200003623962,viewer,0,2a2b25e2-49df-488e-b25d-8995b3478ed1,,Guest18447,ã¡ãˆã¿ã‚“ã¡ã‚ƒãƒ¼ãƒ¼ã‚“,,,,2026-01-14 11:02:52.000Z,approved,live
7b9705ad-ee91-4e1b-b383-1741dca37fec,158.63699995231627,viewer,0,2c6c03c9-795c-40c8-a168-81382c5f504a,,ã«ã‚ƒãŠã,èã“ãˆã¾ã™ã‚ˆãƒ¼,,,,2026-01-14 11:02:38.000Z,approved,live
c42b3858-83bb-4ecc-829e-66225dd994cf,160.73099999046326,viewer,0,bad7433c-36b1-4ed7-85c1-b21d6df273eb,,Guest16844,ãƒªãƒ•ã‚¡ã®ãƒ‰ãƒ©ã‚¤ãƒ¤ãƒ¼ã„ãã‚‰ï¼Ÿ,,,,2026-01-14 11:02:19.000Z,approved,live
41922570-3e71-4f79-9f44-bf1b8a27b43f,137.10399997138978,viewer,0,bad7a40b-3fd7-470c-8645-e66dbd64ed09,,MTGæ‹…å½“è€…ğŸ¦„ğŸŒŸâœ¨,æœ¬æ—¥ã¯ãŠé›†ã¾ã‚Šã„ãŸã ãã‚ã‚ŠãŒã¨ã†ã”ã–ã„ã¾ã™ï¼ãœã²æœ€å¾Œã¾ã§ãŠä»˜ãåˆã„ãã ã•ã„ï¼,,,,2026-01-14 11:02:15.000Z,approved,live
cea3db06-26f5-44c5-a564-82b2594d17fb,125.88200015640258,viewer,0,6d1add3b-a80f-44de-9c5f-8a27c55d0aa8,,Guest13153,ã“ã‚“ã°ã‚“ã¯,,,,2026-01-14 11:02:07.000Z,approved,live
de59820c-dd4e-466e-8b81-fa733000597b,128.44000009155275,viewer,0,7a11963f-a475-4420-bbe8-29def50b8042,,Guest9527,ãƒã‚¦ã£ã¦ã‚‹,,,,2026-01-14 11:02:05.000Z,approved,live
4c184576-070b-4755-96d6-8b1dccfb2ca7,111.13900001907348,viewer,0,aa1fa763-69ab-40cd-999f-510838056be8,,Guest74598,ğŸ‘,,,,2026-01-14 11:02:00.000Z,approved,live
f143d23-ab8b-d850-3bdb-3ae2cffe7d13,140.277251,moderator,0,,565303961,ãƒ¤ãƒãƒ€ãƒ‡ãƒ³ã‚­ã‚¹ã‚¿ãƒƒãƒ•,"â¤ï¸ã‚„ã‚³ãƒ¡ãƒ³ãƒˆã‚’ã¤ã‹ã£ã¦ãƒ©ã‚¤ãƒ–ã¸ã”å‚åŠ ãã ã•ã„ï¼ 
ãŠåå‰ã¯å¤‰æ›´ãŒå¯èƒ½ã§ã™ã€‚
",,,,2026-01-14 11:01:59.000Z,approved,live
2de2d523-b27a-4f4e-9132-2100b366b0ef,113.19400001335144,viewer,0,59b0c70a-f9ad-445a-8a58-6a699e68a73d,,Guest79881,ã“ã‚“ã°ã‚“ã¯ã€œ,,,,2026-01-14 11:01:52.000Z,approved,live
536addb3-a52a-4192-b192-cdfffb5e6806,114.28099995040894,viewer,0,bad7433c-36b1-4ed7-85c1-b21d6df273eb,,Guest16844,ã“ã‚“ã°ã‚“ã¯ğŸ¤—ğŸŒŸ,,,,2026-01-14 11:01:33.000Z,approved,live
f5110cc7-d07c-4652-899f-87d236d211a5,100.28600001335144,viewer,0,5e03ae81-7f40-4ac9-8f8f-6b8de4c7f2c5,,Guest17157,ã“ãˆãã“ãˆãŸã‚ˆ,,,,2026-01-14 11:01:23.000Z,approved,live
86a30f2d-8fee-4bce-8425-4cbae815119f,99.63200013160706,viewer,0,21f41c64-ab2c-49fd-8eaf-f1a9ae874082,,ã‚ãã‚„ã‚“,èã“ãˆã¾ã—ãŸ,,,,2026-01-14 11:01:20.000Z,approved,live
11236c2d-db21-47cc-981f-c27fa5d34a15,75.71300015640259,viewer,0,a84b99b8-a097-4633-a331-654461259ed3,,ã“ã†ã™ã‘,ã“ã‚“ã°ã‚“ã¯ãƒ¼,,,,2026-01-14 11:01:11.000Z,approved,live
8bbde002-d6e5-493d-8ad5-8dbb7cd49703,63.05600009155273,viewer,0,2c6c03c9-795c-40c8-a168-81382c5f504a,,æ–‰è—¤,ã“ã‚“ã°ã‚“ã¯,,,,2026-01-14 11:01:00.000Z,approved,live
08760ffb-6459-4ebd-86ef-ab42f4e86658,69.75299993896485,viewer,0,21f41c64-ab2c-49fd-8eaf-f1a9ae874082,,ã‚ãã‚„ã‚“,ã¡ãˆã¿ã‚“ãƒã‚¤ã‚¯å…¥ã£ã¦ã‚‹ï¼Ÿ,,,,2026-01-14 11:00:50.000Z,approved,live
8a54095a-fd0b-4bef-a15b-80a403fe77bd,48.04399994659424,viewer,0,2c6c03c9-795c-40c8-a168-81382c5f504a,,ãƒãƒ£ãƒ¼ãƒ ,ã“ã‚“ã°ã‚“ã¯,,,,2026-01-14 11:00:45.000Z,approved,live
8028f-0435-4bd4-37ab-2503cce20d3,53.679458,moderator,0,,565303961,ãƒ¤ãƒãƒ€ãƒ‡ãƒ³ã‚­ã‚¹ã‚¿ãƒƒãƒ•,ã„ã‚‰ã£ã—ã‚ƒã„ã¾ã›ï¼ãƒ¤ãƒãƒ€ãƒ©ã‚¤ãƒ–ã¸ã‚ˆã†ã“ãï¼,,,,2026-01-14 11:00:33.000Z,approved,live
4753ceb1-e19c-4d4e-b163-4dd728cbe7f7,32.4949999961853,viewer,0,2c6c03c9-795c-40c8-a168-81382c5f504a,,ã—ã‚‡ã‚‚ã—ã‚‡ã‚‚,ã“ã‚“ã°ã‚“ã¯ã€œ,,,,2026-01-14 11:00:30.000Z,approved,live
